# Pressure,Area,Total Capital Cost,Total Operating Cost,LCOW,SEC,Pressure,Recovery,Membrane Area,Membrane Permeability,LCOW Direct CAPEX Pump,LCOW Indirect CAPEX Pump,LCOW Direct CAPEX ERD,LCOW Indirect CAPEX ERD,LCOW Direct CAPEX RO,LCOW Indirect CAPEX RO,LCOW Fixed OPEX Pump,LCOW Fixed OPEX RO,LCOW Fixed OPEX ERD,LCOW Variable OPEX Electricity
6.000000e+06,2.500000e+01,3.224399e+04,2.840348e+03,9.430146e-01,3.875519e+00,6.000000e+06,2.264372e-01,2.500000e+01,4.200000e-12,2.162476e-01,2.162476e-01,2.290679e-02,2.290679e-02,1.152842e-02,1.152842e-02,1.297485e-01,2.997388e-02,1.374407e-02,2.681826e-01
6.000000e+06,2.750000e+01,3.232457e+04,2.911457e+03,8.857060e-01,3.705304e+00,6.000000e+06,2.442356e-01,2.750000e+01,4.200000e-12,2.004887e-01,2.004887e-01,2.074948e-02,2.074948e-02,1.175712e-02,1.175712e-02,1.202932e-01,3.056852e-02,1.244969e-02,2.564039e-01
6.000000e+06,3.000000e+01,3.240796e+04,2.980296e+03,8.382733e-01,3.563668e+00,6.000000e+06,2.612970e-01,3.000000e+01,4.200000e-12,1.873978e-01,1.873978e-01,1.895741e-02,1.895741e-02,1.198848e-02,1.198848e-02,1.124387e-01,3.117005e-02,1.137444e-02,2.466027e-01
6.000000e+06,3.250000e+01,3.249405e+04,3.046965e+03,7.984510e-01,3.444060e+00,6.000000e+06,2.776486e-01,3.250000e+01,4.200000e-12,1.763614e-01,1.763614e-01,1.744660e-02,1.744660e-02,1.222265e-02,1.222265e-02,1.058168e-01,3.177888e-02,1.046796e-02,2.383260e-01
6.000000e+06,3.500000e+01,3.258274e+04,3.111558e+03,7.646162e-01,3.341789e+00,6.000000e+06,2.933175e-01,3.500000e+01,4.200000e-12,1.669402e-01,1.669402e-01,1.615694e-02,1.615694e-02,1.245970e-02,1.245970e-02,1.001641e-01,3.239521e-02,9.694161e-03,2.312489e-01
6.000000e+06,3.750000e+01,3.267392e+04,3.174169e+03,7.355758e-01,3.253404e+00,6.000000e+06,3.083310e-01,3.750000e+01,4.200000e-12,1.588114e-01,1.588114e-01,1.504420e-02,1.504420e-02,1.269964e-02,1.269964e-02,9.528687e-02,3.301907e-02,9.026518e-03,2.251328e-01
6.000000e+06,4.000000e+01,3.276750e+04,3.234888e+03,7.104327e-01,3.176309e+00,6.000000e+06,3.227163e-01,4.000000e+01,4.200000e-12,1.517323e-01,1.517323e-01,1.407516e-02,1.407516e-02,1.294245e-02,1.294245e-02,9.103941e-02,3.365038e-02,8.445098e-03,2.197979e-01
6.000000e+06,4.250000e+01,3.286336e+04,3.293805e+03,6.884991e-01,3.108515e+00,6.000000e+06,3.365003e-01,4.250000e+01,4.200000e-12,1.455170e-01,1.455170e-01,1.322437e-02,1.322437e-02,1.318806e-02,1.318806e-02,8.731017e-02,3.428896e-02,7.934624e-03,2.151065e-01
6.000000e+06,4.500000e+01,3.296142e+04,3.351008e+03,6.692387e-01,3.048469e+00,6.000000e+06,3.497099e-01,4.500000e+01,4.200000e-12,1.400203e-01,1.400203e-01,1.247198e-02,1.247198e-02,1.343637e-02,1.343637e-02,8.401220e-02,3.493457e-02,7.483190e-03,2.109514e-01
6.000000e+06,4.750000e+01,3.306156e+04,3.406583e+03,6.522274e-01,2.994945e+00,6.000000e+06,3.623717e-01,4.750000e+01,4.200000e-12,1.351278e-01,1.351278e-01,1.180230e-02,1.180230e-02,1.368727e-02,1.368727e-02,8.107669e-02,3.558690e-02,7.081380e-03,2.072476e-01
6.000000e+06,5.000000e+01,3.316368e+04,3.460614e+03,6.371246e-01,2.946959e+00,6.000000e+06,3.745118e-01,5.000000e+01,4.200000e-12,1.307475e-01,1.307475e-01,1.120274e-02,1.120274e-02,1.394062e-02,1.394062e-02,7.844853e-02,3.624560e-02,6.721645e-03,2.039270e-01
6.000000e+06,5.250000e+01,3.326769e+04,3.513183e+03,6.236543e-01,2.903713e+00,6.000000e+06,3.861559e-01,5.250000e+01,4.200000e-12,1.268050e-01,1.268050e-01,1.066311e-02,1.066311e-02,1.419626e-02,1.419626e-02,7.608299e-02,3.691028e-02,6.397863e-03,2.009344e-01
6.000000e+06,5.500000e+01,3.337350e+04,3.564372e+03,6.115897e-01,2.864553e+00,6.000000e+06,3.973295e-01,5.500000e+01,4.200000e-12,1.232390e-01,1.232390e-01,1.017503e-02,1.017503e-02,1.445404e-02,1.445404e-02,7.394341e-02,3.758051e-02,6.105016e-03,1.982246e-01
6.000000e+06,5.750000e+01,3.348100e+04,3.614259e+03,6.007432e-01,2.828938e+00,6.000000e+06,4.080573e-01,5.750000e+01,4.200000e-12,1.199991e-01,1.199991e-01,9.731581e-03,9.731581e-03,1.471378e-02,1.471378e-02,7.199945e-02,3.825582e-02,5.838949e-03,1.957601e-01
6.000000e+06,6.000000e+01,3.359010e+04,3.662924e+03,5.909575e-01,2.796417e+00,6.000000e+06,4.183638e-01,6.000000e+01,4.200000e-12,1.170429e-01,1.170429e-01,9.326978e-03,9.326978e-03,1.497527e-02,1.497527e-02,7.022572e-02,3.893570e-02,5.596187e-03,1.935097e-01
6.000000e+06,6.250000e+01,3.370072e+04,3.710444e+03,5.821001e-01,2.766611e+00,6.000000e+06,4.282731e-01,6.250000e+01,4.200000e-12,1.143347e-01,1.143347e-01,8.956337e-03,8.956337e-03,1.523830e-02,1.523830e-02,6.860085e-02,3.961959e-02,5.373802e-03,1.914471e-01
6.000000e+06,6.500000e+01,3.381276e+04,3.756898e+03,5.740580e-01,2.739197e+00,6.000000e+06,4.378092e-01,6.500000e+01,4.200000e-12,1.118444e-01,1.118444e-01,8.615506e-03,8.615506e-03,1.550265e-02,1.550265e-02,6.710662e-02,4.030689e-02,5.169304e-03,1.895501e-01
6.000000e+06,6.750000e+01,3.392612e+04,3.802363e+03,5.667340e-01,2.713903e+00,6.000000e+06,4.469960e-01,6.750000e+01,4.200000e-12,1.095457e-01,1.095457e-01,8.300922e-03,8.300922e-03,1.576804e-02,1.576804e-02,6.572743e-02,4.099689e-02,4.980553e-03,1.877998e-01
6.000000e+06,7.000000e+01,3.404073e+04,3.846923e+03,5.600439e-01,2.690494e+00,6.000000e+06,4.558575e-01,7.000000e+01,4.200000e-12,1.074162e-01,1.074162e-01,8.009495e-03,8.009495e-03,1.603417e-02,1.603417e-02,6.444974e-02,4.168883e-02,4.805697e-03,1.861799e-01
6.000000e+06,7.250000e+01,3.415648e+04,3.890665e+03,5.539137e-01,2.668770e+00,6.000000e+06,4.644186e-01,7.250000e+01,4.200000e-12,1.054361e-01,1.054361e-01,7.738517e-03,7.738517e-03,1.630068e-02,1.630068e-02,6.326167e-02,4.238178e-02,4.643110e-03,1.846766e-01
6.000000e+06,7.500000e+01,3.427327e+04,3.933682e+03,5.482774e-01,2.648555e+00,6.000000e+06,4.727054e-01,7.500000e+01,4.200000e-12,1.035878e-01,1.035878e-01,7.485580e-03,7.485580e-03,1.656716e-02,1.656716e-02,6.215266e-02,4.307463e-02,4.491348e-03,1.832777e-01
6.000000e+06,7.750000e+01,3.439100e+04,3.976084e+03,5.430752e-01,2.629703e+00,6.000000e+06,4.807458e-01,7.750000e+01,4.200000e-12,1.018553e-01,1.018553e-01,7.248502e-03,7.248502e-03,1.683308e-02,1.683308e-02,6.111317e-02,4.376601e-02,4.349101e-03,1.819732e-01
6.000000e+06,8.000000e+01,3.450955e+04,4.018000e+03,5.382516e-01,2.612088e+00,6.000000e+06,4.885714e-01,8.000000e+01,4.200000e-12,1.002238e-01,1.002238e-01,7.025257e-03,7.025257e-03,1.709777e-02,1.709777e-02,6.013429e-02,4.445419e-02,4.215154e-03,1.807543e-01
6.000000e+06,8.250000e+01,3.462878e+04,4.059594e+03,5.337532e-01,2.595607e+00,6.000000e+06,4.962193e-01,8.250000e+01,4.200000e-12,9.867915e-02,9.867915e-02,6.813892e-03,6.813892e-03,1.736032e-02,1.736032e-02,5.920749e-02,4.513683e-02,4.088335e-03,1.796138e-01
6.000000e+06,8.500000e+01,3.474850e+04,4.101089e+03,5.295263e-01,2.580185e+00,6.000000e+06,5.037354e-01,8.500000e+01,4.200000e-12,9.720678e-02,9.720678e-02,6.612428e-03,6.612428e-03,1.761951e-02,1.761951e-02,5.832407e-02,4.581073e-02,3.967457e-03,1.785466e-01
6.166667e+06,2.500000e+01,3.299046e+04,2.944674e+03,9.283389e-01,3.881887e+00,6.166667e+06,2.368047e-01,2.500000e+01,4.200000e-12,2.126226e-01,2.126226e-01,2.161073e-02,2.161073e-02,1.102369e-02,1.102369e-02,1.275736e-01,2.866160e-02,1.296644e-02,2.686232e-01
6.166667e+06,2.750000e+01,3.306839e+04,3.019341e+03,8.724591e-01,3.715268e+00,6.166667e+06,2.552995e-01,2.750000e+01,4.200000e-12,1.972195e-01,1.972195e-01,1.956006e-02,1.956006e-02,1.124761e-02,1.124761e-02,1.183317e-01,2.924378e-02,1.173604e-02,2.570933e-01
6.166667e+06,3.000000e+01,3.314933e+04,3.091507e+03,8.262325e-01,3.576674e+00,6.166667e+06,2.730034e-01,3.000000e+01,4.200000e-12,1.844301e-01,1.844301e-01,1.785739e-02,1.785739e-02,1.147442e-02,1.147442e-02,1.106581e-01,2.983348e-02,1.071444e-02,2.475028e-01
6.166667e+06,3.250000e+01,3.323318e+04,3.161280e+03,7.874439e-01,3.459682e+00,6.166667e+06,2.899459e-01,3.250000e+01,4.200000e-12,1.736532e-01,1.736532e-01,1.642268e-02,1.642268e-02,1.170426e-02,1.170426e-02,1.041919e-01,3.043107e-02,9.853606e-03,2.394070e-01
6.166667e+06,3.500000e+01,3.331981e+04,3.228767e+03,7.545066e-01,3.359688e+00,6.166667e+06,3.061568e-01,3.500000e+01,4.200000e-12,1.644584e-01,1.644584e-01,1.519859e-02,1.519859e-02,1.193718e-02,1.193718e-02,9.867502e-02,3.103666e-02,9.119153e-03,2.324875e-01
6.166667e+06,3.750000e+01,3.340911e+04,3.294073e+03,7.262539e-01,3.273307e+00,6.166667e+06,3.216658e-01,3.750000e+01,4.200000e-12,1.565290e-01,1.565290e-01,1.414299e-02,1.414299e-02,1.217317e-02,1.217317e-02,9.391742e-02,3.165025e-02,8.485796e-03,2.265100e-01
6.166667e+06,4.000000e+01,3.350097e+04,3.357299e+03,7.018084e-01,3.197992e+00,6.166667e+06,3.365030e-01,4.000000e+01,4.200000e-12,1.496273e-01,1.496273e-01,1.322422e-02,1.322422e-02,1.241219e-02,1.241219e-02,8.977639e-02,3.227170e-02,7.934530e-03,2.212983e-01
6.166667e+06,4.250000e+01,3.359528e+04,3.418547e+03,6.804975e-01,3.131791e+00,6.166667e+06,3.506981e-01,4.250000e+01,4.200000e-12,1.435709e-01,1.435709e-01,1.241798e-02,1.241798e-02,1.265415e-02,1.265415e-02,8.614254e-02,3.290079e-02,7.450790e-03,2.167173e-01
6.166667e+06,4.500000e+01,3.369192e+04,3.477916e+03,6.617967e-01,3.073183e+00,6.166667e+06,3.642806e-01,4.500000e+01,4.200000e-12,1.382177e-01,1.382177e-01,1.170538e-02,1.170538e-02,1.289893e-02,1.289893e-02,8.293063e-02,3.353723e-02,7.023227e-03,2.126616e-01
6.166667e+06,4.750000e+01,3.379078e+04,3.535504e+03,6.452911e-01,3.020961e+00,6.166667e+06,3.772800e-01,4.750000e+01,4.200000e-12,1.334554e-01,1.334554e-01,1.107144e-02,1.107144e-02,1.314641e-02,1.314641e-02,8.007322e-02,3.418067e-02,6.642862e-03,2.090479e-01
6.166667e+06,5.000000e+01,3.389175e+04,3.591406e+03,6.306477e-01,2.974163e+00,6.166667e+06,3.897250e-01,5.000000e+01,4.200000e-12,1.291938e-01,1.291938e-01,1.050417e-02,1.050417e-02,1.339643e-02,1.339643e-02,7.751626e-02,3.483073e-02,6.302499e-03,2.058095e-01
6.166667e+06,5.250000e+01,3.399472e+04,3.645715e+03,6.175963e-01,2.932004e+00,6.166667e+06,4.016441e-01,5.250000e+01,4.200000e-12,1.253599e-01,1.253599e-01,9.993835e-03,9.993835e-03,1.364883e-02,1.364883e-02,7.521591e-02,3.548695e-02,5.996301e-03,2.028921e-01
6.166667e+06,5.500000e+01,3.409958e+04,3.698524e+03,6.059152e-01,2.893843e+00,6.166667e+06,4.130651e-01,5.500000e+01,4.200000e-12,1.218937e-01,1.218937e-01,9.532470e-03,9.532470e-03,1.390342e-02,1.390342e-02,7.313623e-02,3.614889e-02,5.719482e-03,2.002515e-01
6.166667e+06,5.750000e+01,3.420624e+04,3.749922e+03,5.954206e-01,2.859150e+00,6.166667e+06,4.240156e-01,5.750000e+01,4.200000e-12,1.187457e-01,1.187457e-01,9.113462e-03,9.113462e-03,1.416001e-02,1.416001e-02,7.124743e-02,3.681601e-02,5.468077e-03,1.978507e-01
6.166667e+06,6.000000e+01,3.431459e+04,3.799998e+03,5.859587e-01,2.827482e+00,6.166667e+06,4.345226e-01,6.000000e+01,4.200000e-12,1.158744e-01,1.158744e-01,8.731290e-03,8.731290e-03,1.441838e-02,1.441838e-02,6.952464e-02,3.748778e-02,5.238774e-03,1.956593e-01
6.166667e+06,6.250000e+01,3.442452e+04,3.848841e+03,5.773994e-01,2.798467e+00,6.166667e+06,4.446126e-01,6.250000e+01,4.200000e-12,1.132447e-01,1.132447e-01,8.381293e-03,8.381293e-03,1.467830e-02,1.467830e-02,6.794685e-02,3.816357e-02,5.028776e-03,1.936515e-01
6.166667e+06,6.500000e+01,3.453594e+04,3.896541e+03,5.696320e-01,2.771790e+00,6.166667e+06,4.543123e-01,6.500000e+01,4.200000e-12,1.108269e-01,1.108269e-01,8.059501e-03,8.059501e-03,1.493951e-02,1.493951e-02,6.649616e-02,3.884272e-02,4.835700e-03,1.918055e-01
6.166667e+06,6.750000e+01,3.464874e+04,3.943189e+03,5.625610e-01,2.747183e+00,6.166667e+06,4.636482e-01,6.750000e+01,4.200000e-12,1.085953e-01,1.085953e-01,7.762500e-03,7.762500e-03,1.520172e-02,1.520172e-02,6.515721e-02,3.952446e-02,4.657500e-03,1.901027e-01
6.166667e+06,7.000000e+01,3.476283e+04,3.988882e+03,5.561033e-01,2.724417e+00,6.166667e+06,4.726476e-01,7.000000e+01,4.200000e-12,1.065277e-01,1.065277e-01,7.487320e-03,7.487320e-03,1.546458e-02,1.546458e-02,6.391659e-02,4.020790e-02,4.492392e-03,1.885273e-01
6.166667e+06,7.250000e+01,3.487809e+04,4.033723e+03,5.501854e-01,2.703295e+00,6.166667e+06,4.813387e-01,7.250000e+01,4.200000e-12,1.046042e-01,1.046042e-01,7.231342e-03,7.231342e-03,1.572768e-02,1.572768e-02,6.276251e-02,4.089197e-02,4.338805e-03,1.870657e-01
6.166667e+06,7.500000e+01,3.499440e+04,4.077829e+03,5.447413e-01,2.683649e+00,6.166667e+06,4.897517e-01,7.500000e+01,4.200000e-12,1.028073e-01,1.028073e-01,6.992213e-03,6.992213e-03,1.599052e-02,1.599052e-02,6.168436e-02,4.157536e-02,4.195328e-03,1.857062e-01
6.166667e+06,7.750000e+01,3.511165e+04,4.121341e+03,5.397102e-01,2.665338e+00,6.166667e+06,4.979205e-01,7.750000e+01,4.200000e-12,1.011206e-01,1.011206e-01,6.767767e-03,6.767767e-03,1.625246e-02,1.625246e-02,6.067238e-02,4.225639e-02,4.060660e-03,1.844391e-01
6.166667e+06,8.000000e+01,3.522968e+04,4.164433e+03,5.350344e-01,2.648244e+00,6.166667e+06,5.058844e-01,8.000000e+01,4.200000e-12,9.952874e-02,9.952874e-02,6.555935e-03,6.555935e-03,1.651262e-02,1.651262e-02,5.971724e-02,4.293282e-02,3.933561e-03,1.832562e-01
6.166667e+06,8.250000e+01,3.534830e+04,4.207342e+03,5.306563e-01,2.632281e+00,6.166667e+06,5.136923e-01,8.250000e+01,4.200000e-12,9.801595e-02,9.801595e-02,6.354636e-03,6.354636e-03,1.676982e-02,1.676982e-02,5.880957e-02,4.360152e-02,3.812781e-03,1.821516e-01
6.166667e+06,8.500000e+01,3.546727e+04,4.250418e+03,5.265142e-01,2.617403e+00,6.166667e+06,5.214096e-01,8.500000e+01,4.200000e-12,9.656524e-02,9.656524e-02,6.161605e-03,6.161605e-03,1.702227e-02,1.702227e-02,5.793914e-02,4.425789e-02,3.696963e-03,1.811220e-01
6.333333e+06,2.500000e+01,3.373726e+04,3.050489e+03,9.154418e-01,3.892170e+00,6.333333e+06,2.470830e-01,2.500000e+01,4.200000e-12,2.093773e-01,2.093773e-01,2.043320e-02,2.043320e-02,1.056512e-02,1.056512e-02,1.256264e-01,2.746932e-02,1.225992e-02,2.693348e-01
6.333333e+06,2.750000e+01,3.381262e+04,3.128770e+03,8.608722e-01,3.728844e+00,6.333333e+06,2.662551e-01,2.750000e+01,4.200000e-12,1.943008e-01,1.943008e-01,1.847970e-02,1.847970e-02,1.078480e-02,1.078480e-02,1.165805e-01,2.804048e-02,1.108782e-02,2.580328e-01
6.333333e+06,3.000000e+01,3.389121e+04,3.204303e+03,8.157531e-01,3.593042e+00,6.333333e+06,2.845809e-01,3.000000e+01,4.200000e-12,1.817887e-01,1.817887e-01,1.685851e-02,1.685851e-02,1.100761e-02,1.100761e-02,1.090732e-01,2.861978e-02,1.011511e-02,2.486354e-01
6.333333e+06,3.250000e+01,3.397289e+04,3.277208e+03,7.779151e-01,3.478453e+00,6.333333e+06,3.020924e-01,3.250000e+01,4.200000e-12,1.712509e-01,1.712509e-01,1.549315e-02,1.549315e-02,1.123365e-02,1.123365e-02,1.027505e-01,2.920749e-02,9.295890e-03,2.407059e-01
6.333333e+06,3.500000e+01,3.405755e+04,3.347604e+03,7.458043e-01,3.380553e+00,6.333333e+06,3.188222e-01,3.500000e+01,4.200000e-12,1.622647e-01,1.622647e-01,1.432885e-02,1.432885e-02,1.146296e-02,1.146296e-02,9.735882e-02,2.980371e-02,8.597313e-03,2.339314e-01
6.333333e+06,3.750000e+01,3.414506e+04,3.415609e+03,7.182777e-01,3.296017e+00,6.333333e+06,3.348029e-01,3.750000e+01,4.200000e-12,1.545195e-01,1.545195e-01,1.332537e-02,1.332537e-02,1.169552e-02,1.169552e-02,9.271172e-02,3.040835e-02,7.995220e-03,2.280816e-01
6.333333e+06,4.000000e+01,3.423530e+04,3.481338e+03,6.944761e-01,3.222343e+00,6.333333e+06,3.500674e-01,4.000000e+01,4.200000e-12,1.477818e-01,1.477818e-01,1.245242e-02,1.245242e-02,1.193125e-02,1.193125e-02,8.866908e-02,3.102124e-02,7.471452e-03,2.229834e-01
6.333333e+06,4.250000e+01,3.432814e+04,3.544905e+03,6.737405e-01,3.157613e+00,6.333333e+06,3.646484e-01,4.250000e+01,4.200000e-12,1.418725e-01,1.418725e-01,1.168682e-02,1.168682e-02,1.217004e-02,1.217004e-02,8.512350e-02,3.164210e-02,7.012095e-03,2.185041e-01
6.333333e+06,4.500000e+01,3.442346e+04,3.606422e+03,6.555572e-01,3.100331e+00,6.333333e+06,3.785786e-01,4.500000e+01,4.200000e-12,1.366521e-01,1.366521e-01,1.101050e-02,1.101050e-02,1.241177e-02,1.241177e-02,8.199129e-02,3.227061e-02,6.606301e-03,2.145402e-01
6.333333e+06,4.750000e+01,3.452114e+04,3.665998e+03,6.395196e-01,3.049313e+00,6.333333e+06,3.918902e-01,4.750000e+01,4.200000e-12,1.320104e-01,1.320104e-01,1.040915e-02,1.040915e-02,1.265630e-02,1.265630e-02,7.920624e-02,3.290637e-02,6.245493e-03,2.110098e-01
6.333333e+06,5.000000e+01,3.462104e+04,3.723742e+03,6.253015e-01,3.003612e+00,6.333333e+06,4.046150e-01,5.000000e+01,4.200000e-12,1.278588e-01,1.278588e-01,9.871320e-03,9.871320e-03,1.290344e-02,1.290344e-02,7.671528e-02,3.354894e-02,5.922792e-03,2.078474e-01
6.333333e+06,5.250000e+01,3.472307e+04,3.779758e+03,6.126381e-01,2.962459e+00,6.333333e+06,4.167841e-01,5.250000e+01,4.200000e-12,1.241256e-01,1.241256e-01,9.387702e-03,9.387702e-03,1.315302e-02,1.315302e-02,7.447537e-02,3.419786e-02,5.632621e-03,2.049996e-01
6.333333e+06,5.500000e+01,3.482709e+04,3.834150e+03,6.013121e-01,2.925223e+00,6.333333e+06,4.284284e-01,5.500000e+01,4.200000e-12,1.207520e-01,1.207520e-01,8.950676e-03,8.950676e-03,1.340485e-02,1.340485e-02,7.245120e-02,3.485260e-02,5.370406e-03,2.024229e-01
6.333333e+06,5.750000e+01,3.493299e+04,3.887021e+03,5.911434e-01,2.891383e+00,6.333333e+06,4.395780e-01,5.750000e+01,4.200000e-12,1.176892e-01,1.176892e-01,8.553927e-03,8.553927e-03,1.365870e-02,1.365870e-02,7.061353e-02,3.551262e-02,5.132356e-03,2.000812e-01
6.333333e+06,6.000000e+01,3.504067e+04,3.938471e+03,5.819809e-01,2.860504e+00,6.333333e+06,4.502626e-01,6.000000e+01,4.200000e-12,1.148965e-01,1.148965e-01,8.192171e-03,8.192171e-03,1.391435e-02,1.391435e-02,6.893789e-02,3.617730e-02,4.915303e-03,1.979444e-01
6.333333e+06,6.250000e+01,3.515000e+04,3.988601e+03,5.736972e-01,2.832222e+00,6.333333e+06,4.605116e-01,6.250000e+01,4.200000e-12,1.123394e-01,1.123394e-01,7.860947e-03,7.860947e-03,1.417153e-02,1.417153e-02,6.740362e-02,3.684599e-02,4.716568e-03,1.959873e-01
6.333333e+06,6.500000e+01,3.526088e+04,4.037514e+03,5.661832e-01,2.806226e+00,6.333333e+06,4.703544e-01,6.500000e+01,4.200000e-12,1.099885e-01,1.099885e-01,7.556446e-03,7.556446e-03,1.442997e-02,1.442997e-02,6.599311e-02,3.751793e-02,4.533868e-03,1.941884e-01
6.333333e+06,6.750000e+01,3.537319e+04,4.085316e+03,5.593448e-01,2.782255e+00,6.333333e+06,4.798208e-01,6.750000e+01,4.200000e-12,1.078186e-01,1.078186e-01,7.275387e-03,7.275387e-03,1.468933e-02,1.468933e-02,6.469113e-02,3.819227e-02,4.365232e-03,1.925296e-01
6.333333e+06,7.000000e+01,3.548682e+04,4.132121e+03,5.530997e-01,2.760083e+00,6.333333e+06,4.889413e-01,7.000000e+01,4.200000e-12,1.058073e-01,1.058073e-01,7.014897e-03,7.014897e-03,1.494923e-02,1.494923e-02,6.348441e-02,3.886799e-02,4.208938e-03,1.909954e-01
6.333333e+06,7.250000e+01,3.560164e+04,4.178054e+03,5.473744e-01,2.739521e+00,6.333333e+06,4.977486e-01,7.250000e+01,4.200000e-12,1.039352e-01,1.039352e-01,6.772423e-03,6.772423e-03,1.520917e-02,1.520917e-02,6.236110e-02,3.954383e-02,4.063454e-03,1.895725e-01
6.333333e+06,7.500000e+01,3.571752e+04,4.223264e+03,5.421022e-01,2.720405e+00,6.333333e+06,5.062784e-01,7.500000e+01,4.200000e-12,1.021841e-01,1.021841e-01,6.545638e-03,6.545638e-03,1.546854e-02,1.546854e-02,6.131044e-02,4.021820e-02,3.927383e-03,1.882497e-01
6.333333e+06,7.750000e+01,3.583430e+04,4.267935e+03,5.372204e-01,2.702603e+00,6.333333e+06,5.145721e-01,7.750000e+01,4.200000e-12,1.005371e-01,1.005371e-01,6.332347e-03,6.332347e-03,1.572653e-02,1.572653e-02,6.032226e-02,4.088898e-02,3.799408e-03,1.870178e-01
6.333333e+06,8.000000e+01,3.595178e+04,4.312315e+03,5.326670e-01,2.686011e+00,6.333333e+06,5.226808e-01,8.000000e+01,4.200000e-12,9.897740e-02,9.897740e-02,6.130364e-03,6.130364e-03,1.598199e-02,1.598199e-02,5.938644e-02,4.155317e-02,3.678218e-03,1.858697e-01
6.333333e+06,8.250000e+01,3.606971e+04,4.356768e+03,5.283769e-01,2.670572e+00,6.333333e+06,5.306727e-01,8.250000e+01,4.200000e-12,9.748681e-02,9.748681e-02,5.937339e-03,5.937339e-03,1.623322e-02,1.623322e-02,5.849208e-02,4.220637e-02,3.562403e-03,1.848013e-01
6.333333e+06,8.500000e+01,3.618770e+04,4.401889e+03,5.242746e-01,2.656303e+00,6.333333e+06,5.386477e-01,8.500000e+01,4.200000e-12,9.604346e-02,9.604346e-02,5.750440e-03,5.750440e-03,1.647751e-02,1.647751e-02,5.762608e-02,4.284152e-02,3.450264e-03,1.838139e-01
6.500000e+06,2.500000e+01,3.448442e+04,3.157765e+03,9.040989e-01,3.905879e+00,6.500000e+06,2.572704e-01,2.500000e+01,4.200000e-12,2.064642e-01,2.064642e-01,1.935893e-02,1.935893e-02,1.014677e-02,1.014677e-02,1.238785e-01,2.638159e-02,1.161536e-02,2.702835e-01
6.500000e+06,2.750000e+01,3.455728e+04,3.239709e+03,8.507365e-01,3.745585e+00,6.500000e+06,2.771005e-01,2.750000e+01,4.200000e-12,1.916890e-01,1.916890e-01,1.749436e-02,1.749436e-02,1.036270e-02,1.036270e-02,1.150134e-01,2.694301e-02,1.049662e-02,2.591913e-01
6.500000e+06,3.000000e+01,3.463358e+04,3.318643e+03,8.066393e-01,3.612356e+00,6.500000e+06,2.960274e-01,3.000000e+01,4.200000e-12,1.794331e-01,1.794331e-01,1.594775e-02,1.594775e-02,1.058197e-02,1.058197e-02,1.076599e-01,2.751313e-02,9.568649e-03,2.499719e-01
6.500000e+06,3.250000e+01,3.471318e+04,3.394701e+03,7.696797e-01,3.499984e+00,6.500000e+06,3.140860e-01,3.250000e+01,4.200000e-12,1.691165e-01,1.691165e-01,1.464588e-02,1.464588e-02,1.080469e-02,1.080469e-02,1.014699e-01,2.809219e-02,8.787530e-03,2.421959e-01
6.500000e+06,3.500000e+01,3.479596e+04,3.468017e+03,7.383335e-01,3.404020e+00,6.500000e+06,3.313116e-01,3.500000e+01,4.200000e-12,1.603238e-01,1.603238e-01,1.353634e-02,1.353634e-02,1.103085e-02,1.103085e-02,9.619428e-02,2.868020e-02,8.121802e-03,2.355552e-01
6.500000e+06,3.750000e+01,3.488177e+04,3.538721e+03,7.114797e-01,3.321191e+00,6.500000e+06,3.477401e-01,3.750000e+01,4.200000e-12,1.527495e-01,1.527495e-01,1.258057e-02,1.258057e-02,1.126040e-02,1.126040e-02,9.164972e-02,2.927705e-02,7.548340e-03,2.298235e-01
6.500000e+06,4.000000e+01,3.497048e+04,3.606943e+03,6.882752e-01,3.249036e+00,6.500000e+06,3.634075e-01,4.000000e+01,4.200000e-12,1.461641e-01,1.461641e-01,1.174960e-02,1.174960e-02,1.149327e-02,1.149327e-02,8.769847e-02,2.988250e-02,7.049757e-03,2.248305e-01
6.500000e+06,4.250000e+01,3.506195e+04,3.672811e+03,6.680738e-01,3.185669e+00,6.500000e+06,3.783498e-01,4.250000e+01,4.200000e-12,1.403916e-01,1.403916e-01,1.102122e-02,1.102122e-02,1.172932e-02,1.172932e-02,8.423496e-02,3.049624e-02,6.612730e-03,2.204455e-01
6.500000e+06,4.500000e+01,3.515605e+04,3.736451e+03,6.503713e-01,3.129617e+00,6.500000e+06,3.926027e-01,4.500000e+01,4.200000e-12,1.352949e-01,1.352949e-01,1.037812e-02,1.037812e-02,1.196841e-02,1.196841e-02,8.117691e-02,3.111788e-02,6.226873e-03,2.165668e-01
6.500000e+06,4.750000e+01,3.525263e+04,3.797986e+03,6.347687e-01,3.079717e+00,6.500000e+06,4.062018e-01,4.750000e+01,4.200000e-12,1.307654e-01,1.307654e-01,9.806618e-03,9.806618e-03,1.221038e-02,1.221038e-02,7.845923e-02,3.174699e-02,5.883971e-03,2.131138e-01
6.500000e+06,5.000000e+01,3.535158e+04,3.857538e+03,6.209461e-01,3.035036e+00,6.500000e+06,4.191818e-01,5.000000e+01,4.200000e-12,1.267162e-01,1.267162e-01,9.295733e-03,9.295733e-03,1.245504e-02,1.245504e-02,7.602973e-02,3.238310e-02,5.577440e-03,2.100219e-01
6.500000e+06,5.250000e+01,3.545274e+04,3.915224e+03,6.086436e-01,2.994817e+00,6.500000e+06,4.315770e-01,5.250000e+01,4.200000e-12,1.230768e-01,1.230768e-01,8.836562e-03,8.836562e-03,1.270218e-02,1.270218e-02,7.384609e-02,3.302568e-02,5.301937e-03,2.072387e-01
6.500000e+06,5.500000e+01,3.555601e+04,3.971162e+03,5.976479e-01,2.958440e+00,6.500000e+06,4.434212e-01,5.500000e+01,4.200000e-12,1.197893e-01,1.197893e-01,8.421803e-03,8.421803e-03,1.295161e-02,1.295161e-02,7.187361e-02,3.367418e-02,5.053082e-03,2.047215e-01
6.500000e+06,5.750000e+01,3.566125e+04,4.025467e+03,5.877820e-01,2.925392e+00,6.500000e+06,4.547473e-01,5.750000e+01,4.200000e-12,1.168058e-01,1.168058e-01,8.045404e-03,8.045404e-03,1.320308e-02,1.320308e-02,7.008349e-02,3.432800e-02,4.827242e-03,2.024346e-01
6.500000e+06,6.000000e+01,3.576833e+04,4.078252e+03,5.788977e-01,2.895247e+00,6.500000e+06,4.655880e-01,6.000000e+01,4.200000e-12,1.140861e-01,1.140861e-01,7.702299e-03,7.702299e-03,1.345634e-02,1.345634e-02,6.845168e-02,3.498648e-02,4.621380e-03,2.003486e-01
6.500000e+06,6.250000e+01,3.587714e+04,4.129633e+03,5.708694e-01,2.867645e+00,6.500000e+06,4.759757e-01,6.250000e+01,4.200000e-12,1.115963e-01,1.115963e-01,7.388206e-03,7.388206e-03,1.371111e-02,1.371111e-02,6.695778e-02,3.564889e-02,4.432924e-03,1.984386e-01
6.500000e+06,6.500000e+01,3.598755e+04,4.179727e+03,5.635898e-01,2.842283e+00,6.500000e+06,4.859429e-01,6.500000e+01,4.200000e-12,1.093073e-01,1.093073e-01,7.099460e-03,7.099460e-03,1.396708e-02,1.396708e-02,6.558440e-02,3.631440e-02,4.259676e-03,1.966835e-01
6.500000e+06,6.750000e+01,3.609944e+04,4.228657e+03,5.569655e-01,2.818903e+00,6.500000e+06,4.955229e-01,6.750000e+01,4.200000e-12,1.071941e-01,1.071941e-01,6.832891e-03,6.832891e-03,1.422386e-02,1.422386e-02,6.431645e-02,3.698203e-02,4.099734e-03,1.950656e-01
6.500000e+06,7.000000e+01,3.621267e+04,4.276560e+03,5.509147e-01,2.797285e+00,6.500000e+06,5.047505e-01,7.000000e+01,4.200000e-12,1.052344e-01,1.052344e-01,6.585704e-03,6.585704e-03,1.448101e-02,1.448101e-02,6.314066e-02,3.765061e-02,3.951422e-03,1.935697e-01
6.500000e+06,7.250000e+01,3.632709e+04,4.323591e+03,5.453634e-01,2.777245e+00,6.500000e+06,5.136635e-01,7.250000e+01,4.200000e-12,1.034084e-01,1.034084e-01,6.355385e-03,6.355385e-03,1.473794e-02,1.473794e-02,6.204506e-02,3.831864e-02,3.813231e-03,1.921830e-01
6.500000e+06,7.500000e+01,3.644255e+04,4.369942e+03,5.402431e-01,2.758629e+00,6.500000e+06,5.223051e-01,7.500000e+01,4.200000e-12,1.016975e-01,1.016975e-01,6.139592e-03,6.139592e-03,1.499389e-02,1.499389e-02,6.101851e-02,3.898412e-02,3.683755e-03,1.908947e-01
6.500000e+06,7.750000e+01,3.655884e+04,4.415866e+03,5.354874e-01,2.741316e+00,6.500000e+06,5.307279e-01,7.750000e+01,4.200000e-12,1.000835e-01,1.000835e-01,5.936033e-03,5.936033e-03,1.524780e-02,1.524780e-02,6.005012e-02,3.964428e-02,3.561620e-03,1.896967e-01
6.500000e+06,8.000000e+01,3.667570e+04,4.461735e+03,5.310274e-01,2.725229e+00,6.500000e+06,5.390016e-01,8.000000e+01,4.200000e-12,9.854727e-02,9.854727e-02,5.742282e-03,5.742282e-03,1.549806e-02,1.549806e-02,5.912836e-02,4.029496e-02,3.445369e-03,1.885835e-01
6.500000e+06,8.250000e+01,3.679274e+04,4.508154e+03,5.267843e-01,2.710369e+00,6.500000e+06,5.472278e-01,8.250000e+01,4.200000e-12,9.706585e-02,9.706585e-02,5.555459e-03,5.555459e-03,1.574212e-02,1.574212e-02,5.823951e-02,4.092951e-02,3.333275e-03,1.875552e-01
6.500000e+06,8.500000e+01,3.690932e+04,4.556257e+03,5.226556e-01,2.696911e+00,6.500000e+06,5.555765e-01,8.500000e+01,4.200000e-12,9.560724e-02,9.560724e-02,5.371521e-03,5.371521e-03,1.597543e-02,1.597543e-02,5.736434e-02,4.153611e-02,3.222912e-03,1.866239e-01
6.666667e+06,2.500000e+01,3.523193e+04,3.266473e+03,8.941227e-01,3.922607e+00,6.666667e+06,2.673651e-01,2.500000e+01,4.200000e-12,2.038436e-01,2.038436e-01,1.837519e-02,1.837519e-02,9.763660e-03,9.763660e-03,1.223062e-01,2.538552e-02,1.102511e-02,2.714410e-01
6.666667e+06,2.750000e+01,3.530236e+04,3.352123e+03,8.418773e-01,3.765115e+00,6.666667e+06,2.878340e-01,2.750000e+01,4.200000e-12,1.893476e-01,1.893476e-01,1.659231e-02,1.659231e-02,9.976267e-03,9.976267e-03,1.136086e-01,2.593830e-02,9.955387e-03,2.605427e-01
6.666667e+06,3.000000e+01,3.537645e+04,3.434488e+03,7.987272e-01,3.634267e+00,6.666667e+06,3.073411e-01,3.000000e+01,4.200000e-12,1.773296e-01,1.773296e-01,1.511423e-02,1.511423e-02,1.019244e-02,1.019244e-02,1.063977e-01,2.650033e-02,9.068536e-03,2.514881e-01
6.666667e+06,3.250000e+01,3.545407e+04,3.513716e+03,7.625829e-01,3.523950e+00,6.666667e+06,3.259246e-01,3.250000e+01,4.200000e-12,1.672187e-01,1.672187e-01,1.387072e-02,1.387072e-02,1.041223e-02,1.041223e-02,1.003312e-01,2.707179e-02,8.322433e-03,2.438543e-01
6.666667e+06,3.500000e+01,3.553505e+04,3.589955e+03,7.319474e-01,3.429782e+00,6.666667e+06,3.436230e-01,3.500000e+01,4.200000e-12,1.586060e-01,1.586060e-01,1.281151e-02,1.281151e-02,1.063563e-02,1.063563e-02,9.516360e-02,2.765264e-02,7.686903e-03,2.373379e-01
6.666667e+06,3.750000e+01,3.561925e+04,3.663352e+03,7.057196e-01,3.348539e+00,6.666667e+06,3.604756e-01,3.750000e+01,4.200000e-12,1.511910e-01,1.511910e-01,1.189961e-02,1.189961e-02,1.086258e-02,1.086258e-02,9.071462e-02,2.824270e-02,7.139763e-03,2.317160e-01
6.666667e+06,4.000000e+01,3.570652e+04,3.734051e+03,6.830714e-01,3.277798e+00,6.666667e+06,3.765217e-01,4.000000e+01,4.200000e-12,1.447478e-01,1.447478e-01,1.110723e-02,1.110723e-02,1.109296e-02,1.109296e-02,8.684865e-02,2.884169e-02,6.664335e-03,2.268208e-01
6.666667e+06,4.250000e+01,3.579672e+04,3.802198e+03,6.633679e-01,3.215700e+00,6.666667e+06,3.918009e-01,4.250000e+01,4.200000e-12,1.391030e-01,1.391030e-01,1.041306e-02,1.041306e-02,1.132664e-02,1.132664e-02,8.346179e-02,2.944925e-02,6.247837e-03,2.225237e-01
6.666667e+06,4.500000e+01,3.588968e+04,3.867932e+03,6.461140e-01,3.160795e+00,6.666667e+06,4.063523e-01,4.500000e+01,4.200000e-12,1.341217e-01,1.341217e-01,9.800512e-03,9.800512e-03,1.156344e-02,1.156344e-02,8.047304e-02,3.006496e-02,5.880307e-03,2.187243e-01
6.666667e+06,4.750000e+01,3.598527e+04,3.931392e+03,6.309175e-01,3.111936e+00,6.666667e+06,4.202147e-01,4.750000e+01,4.200000e-12,1.296972e-01,1.296972e-01,9.256440e-03,9.256440e-03,1.180320e-02,1.180320e-02,7.781833e-02,3.068832e-02,5.553864e-03,2.153433e-01
6.666667e+06,5.000000e+01,3.608334e+04,3.992714e+03,6.174642e-01,3.068205e+00,6.666667e+06,4.334262e-01,5.000000e+01,4.200000e-12,1.257438e-01,1.257438e-01,8.770317e-03,8.770317e-03,1.204571e-02,1.204571e-02,7.544630e-02,3.131883e-02,5.262190e-03,2.123172e-01
6.666667e+06,5.250000e+01,3.618374e+04,4.052031e+03,6.054986e-01,3.028857e+00,6.666667e+06,4.460244e-01,5.250000e+01,4.200000e-12,1.221921e-01,1.221921e-01,8.333601e-03,8.333601e-03,1.229074e-02,1.229074e-02,7.331528e-02,3.195593e-02,5.000160e-03,2.095943e-01
6.666667e+06,5.500000e+01,3.628633e+04,4.109474e+03,5.948112e-01,2.993282e+00,6.666667e+06,4.580461e-01,5.500000e+01,4.200000e-12,1.189851e-01,1.189851e-01,7.939283e-03,7.939283e-03,1.253808e-02,1.253808e-02,7.139108e-02,3.259900e-02,4.763570e-03,2.071325e-01
6.666667e+06,5.750000e+01,3.639099e+04,4.165172e+03,5.852278e-01,2.960974e+00,6.666667e+06,4.695273e-01,5.750000e+01,4.200000e-12,1.160756e-01,1.160756e-01,7.581554e-03,7.581554e-03,1.278746e-02,1.278746e-02,6.964537e-02,3.324740e-02,4.548932e-03,2.048968e-01
6.666667e+06,6.000000e+01,3.649756e+04,4.219253e+03,5.766026e-01,2.931513e+00,6.666667e+06,4.805040e-01,6.000000e+01,4.200000e-12,1.134240e-01,1.134240e-01,7.255544e-03,7.255544e-03,1.303862e-02,1.303862e-02,6.805439e-02,3.390042e-02,4.353326e-03,2.028582e-01
6.666667e+06,6.250000e+01,3.660592e+04,4.271849e+03,5.688118e-01,2.904546e+00,6.666667e+06,4.910116e-01,6.250000e+01,4.200000e-12,1.109967e-01,1.109967e-01,6.957130e-03,6.957130e-03,1.329125e-02,1.329125e-02,6.659803e-02,3.455724e-02,4.174278e-03,2.009921e-01
6.666667e+06,6.500000e+01,3.671592e+04,4.323093e+03,5.617491e-01,2.879774e+00,6.666667e+06,5.010863e-01,6.500000e+01,4.200000e-12,1.087651e-01,1.087651e-01,6.682776e-03,6.682776e-03,1.354498e-02,1.354498e-02,6.525903e-02,3.521694e-02,4.009666e-03,1.992779e-01
6.666667e+06,6.750000e+01,3.682744e+04,4.373133e+03,5.553221e-01,2.856946e+00,6.666667e+06,5.107653e-01,6.750000e+01,4.200000e-12,1.067040e-01,1.067040e-01,6.429400e-03,6.429400e-03,1.379939e-02,1.379939e-02,6.402237e-02,3.587841e-02,3.857640e-03,1.976982e-01
6.666667e+06,7.000000e+01,3.694031e+04,4.422131e+03,5.494484e-01,2.835847e+00,6.666667e+06,5.200886e-01,7.000000e+01,4.200000e-12,1.047911e-01,1.047911e-01,6.194264e-03,6.194264e-03,1.405394e-02,1.405394e-02,6.287469e-02,3.654025e-02,3.716558e-03,1.962382e-01
6.666667e+06,7.250000e+01,3.705436e+04,4.470284e+03,5.440527e-01,2.816300e+00,6.666667e+06,5.291009e-01,7.250000e+01,4.200000e-12,1.030062e-01,1.030062e-01,5.974855e-03,5.974855e-03,1.430793e-02,1.430793e-02,6.180372e-02,3.720063e-02,3.584913e-03,1.948855e-01
6.666667e+06,7.500000e+01,3.716939e+04,4.517850e+03,5.390636e-01,2.798162e+00,6.666667e+06,5.378560e-01,7.500000e+01,4.200000e-12,1.013295e-01,1.013295e-01,5.768760e-03,5.768760e-03,1.456038e-02,1.456038e-02,6.079769e-02,3.785698e-02,3.461256e-03,1.936304e-01
6.666667e+06,7.750000e+01,3.728513e+04,4.565198e+03,5.344080e-01,2.781335e+00,6.666667e+06,5.464236e-01,7.750000e+01,4.200000e-12,9.974070e-02,9.974070e-02,5.573481e-03,5.573481e-03,1.480982e-02,1.480982e-02,5.984442e-02,3.850552e-02,3.344088e-03,1.924660e-01
6.666667e+06,8.000000e+01,3.740121e+04,4.612922e+03,5.300048e-01,2.765796e+00,6.666667e+06,5.549048e-01,8.000000e+01,4.200000e-12,9.821627e-02,9.821627e-02,5.386122e-03,5.386122e-03,1.505390e-02,1.505390e-02,5.892976e-02,3.914013e-02,3.231673e-03,1.913907e-01
6.666667e+06,8.250000e+01,3.751699e+04,4.662138e+03,5.257498e-01,2.751683e+00,6.666667e+06,5.634669e-01,8.250000e+01,4.200000e-12,9.672382e-02,9.672382e-02,5.202704e-03,5.202704e-03,1.528843e-02,1.528843e-02,5.803429e-02,3.974992e-02,3.121622e-03,1.904141e-01
6.666667e+06,8.500000e+01,3.763117e+04,4.715427e+03,5.214818e-01,2.739655e+00,6.666667e+06,5.724475e-01,8.500000e+01,4.200000e-12,9.520642e-02,9.520642e-02,5.016230e-03,5.016230e-03,1.550460e-02,1.550460e-02,5.712385e-02,4.031197e-02,3.009738e-03,1.895818e-01
6.833333e+06,2.500000e+01,3.597979e+04,3.376585e+03,8.853551e-01,3.942008e+00,6.833333e+06,2.773659e-01,2.500000e+01,4.200000e-12,2.014819e-01,2.014819e-01,1.747122e-02,1.747122e-02,9.411618e-03,9.411618e-03,1.208891e-01,2.447021e-02,1.048273e-02,2.727835e-01
6.833333e+06,2.750000e+01,3.604787e+04,3.465979e+03,8.341476e-01,3.787115e+00,6.833333e+06,2.984538e-01,2.750000e+01,4.200000e-12,1.872458e-01,1.872458e-01,1.576367e-02,1.576367e-02,9.621283e-03,9.621283e-03,1.123475e-01,2.501534e-02,9.458201e-03,2.620651e-01
6.833333e+06,3.000000e+01,3.611984e+04,3.551798e+03,7.918788e-01,3.658481e+00,6.833333e+06,3.185203e-01,3.000000e+01,4.200000e-12,1.754495e-01,1.754495e-01,1.434879e-02,1.434879e-02,9.834710e-03,9.834710e-03,1.052697e-01,2.557024e-02,8.609272e-03,2.531637e-01
6.833333e+06,3.250000e+01,3.619555e+04,3.634205e+03,7.564943e-01,3.550076e+00,6.833333e+06,3.376066e-01,3.250000e+01,4.200000e-12,1.655306e-01,1.655306e-01,1.315911e-02,1.315911e-02,1.005194e-02,1.005194e-02,9.931834e-02,2.613504e-02,7.895469e-03,2.456622e-01
6.833333e+06,3.500000e+01,3.627482e+04,3.713365e+03,7.265220e-01,3.457582e+00,6.833333e+06,3.557550e-01,3.500000e+01,4.200000e-12,1.570863e-01,1.570863e-01,1.214633e-02,1.214633e-02,1.027293e-02,1.027293e-02,9.425176e-02,2.670963e-02,7.287798e-03,2.392617e-01
6.833333e+06,3.750000e+01,3.635750e+04,3.789443e+03,7.008790e-01,3.377820e+00,6.833333e+06,3.730081e-01,3.750000e+01,4.200000e-12,1.498204e-01,1.498204e-01,1.127491e-02,1.127491e-02,1.049761e-02,1.049761e-02,8.989225e-02,2.729379e-02,6.764944e-03,2.337422e-01
6.833333e+06,4.000000e+01,3.644343e+04,3.862600e+03,6.787511e-01,3.308398e+00,6.833333e+06,3.894091e-01,4.000000e+01,4.200000e-12,1.435103e-01,1.435103e-01,1.051813e-02,1.051813e-02,1.072584e-02,1.072584e-02,8.610619e-02,2.788718e-02,6.310879e-03,2.289383e-01
6.833333e+06,4.250000e+01,3.653244e+04,3.932997e+03,6.595138e-01,3.247486e+00,6.833333e+06,4.050012e-01,4.250000e+01,4.200000e-12,1.379853e-01,1.379853e-01,9.855537e-03,9.855537e-03,1.095746e-02,1.095746e-02,8.279119e-02,2.848941e-02,5.913322e-03,2.247232e-01
6.833333e+06,4.500000e+01,3.662437e+04,4.000792e+03,6.426799e-01,3.193653e+00,6.833333e+06,4.198272e-01,4.500000e+01,4.200000e-12,1.331124e-01,1.331124e-01,9.271163e-03,9.271163e-03,1.119230e-02,1.119230e-02,7.986746e-02,2.909998e-02,5.562698e-03,2.209980e-01
6.833333e+06,4.750000e+01,3.671905e+04,4.066140e+03,6.278640e-01,3.145769e+00,6.833333e+06,4.339295e-01,4.750000e+01,4.200000e-12,1.287864e-01,1.287864e-01,8.752389e-03,8.752389e-03,1.143015e-02,1.143015e-02,7.727184e-02,2.971839e-02,5.251433e-03,2.176845e-01
6.833333e+06,5.000000e+01,3.681632e+04,4.129193e+03,6.147567e-01,3.102928e+00,6.833333e+06,4.473497e-01,5.000000e+01,4.200000e-12,1.249229e-01,1.249229e-01,8.289096e-03,8.289096e-03,1.167079e-02,1.167079e-02,7.495374e-02,3.034406e-02,4.973457e-03,2.147199e-01
6.833333e+06,5.250000e+01,3.691604e+04,4.190099e+03,6.031069e-01,3.064395e+00,6.833333e+06,4.601287e-01,5.250000e+01,4.200000e-12,1.214535e-01,1.214535e-01,7.873072e-03,7.873072e-03,1.191399e-02,1.191399e-02,7.287207e-02,3.097639e-02,4.723843e-03,2.120535e-01
6.833333e+06,5.500000e+01,3.701805e+04,4.249004e+03,5.927081e-01,3.029570e+00,6.833333e+06,4.723066e-01,5.500000e+01,4.200000e-12,1.183219e-01,1.183219e-01,7.497580e-03,7.497580e-03,1.215951e-02,1.215951e-02,7.099315e-02,3.161473e-02,4.498548e-03,2.096436e-01
6.833333e+06,5.750000e+01,3.712219e+04,4.306054e+03,5.833890e-01,2.997954e+00,6.833333e+06,4.839229e-01,5.750000e+01,4.200000e-12,1.154817e-01,1.154817e-01,7.157030e-03,7.157030e-03,1.240707e-02,1.240707e-02,6.928900e-02,3.225837e-02,4.294218e-03,2.074558e-01
6.833333e+06,6.000000e+01,3.722832e+04,4.361392e+03,5.750057e-01,2.969133e+00,6.833333e+06,4.950166e-01,6.000000e+01,4.200000e-12,1.128936e-01,1.128936e-01,6.846733e-03,6.846733e-03,1.265636e-02,1.265636e-02,6.773617e-02,3.290654e-02,4.108040e-03,2.054615e-01
6.833333e+06,6.250000e+01,3.733630e+04,4.415169e+03,5.674359e-01,2.942761e+00,6.833333e+06,5.056270e-01,6.250000e+01,4.200000e-12,1.105246e-01,1.105246e-01,6.562706e-03,6.562706e-03,1.290706e-02,1.290706e-02,6.631476e-02,3.355834e-02,3.937624e-03,2.036365e-01
6.833333e+06,6.500000e+01,3.744596e+04,4.467539e+03,5.605744e-01,2.918542e+00,6.833333e+06,5.157941e-01,6.500000e+01,4.200000e-12,1.083460e-01,1.083460e-01,6.301522e-03,6.301522e-03,1.315874e-02,1.315874e-02,6.500760e-02,3.421273e-02,3.780913e-03,2.019606e-01
6.833333e+06,6.750000e+01,3.755715e+04,4.518676e+03,5.543285e-01,2.896232e+00,6.833333e+06,5.255600e-01,6.750000e+01,4.200000e-12,1.063327e-01,1.063327e-01,6.060168e-03,6.060168e-03,1.341093e-02,1.341093e-02,6.379963e-02,3.486842e-02,3.636101e-03,2.004167e-01
6.833333e+06,7.000000e+01,3.766968e+04,4.568781e+03,5.486151e-01,2.875622e+00,6.833333e+06,5.349712e-01,7.000000e+01,4.200000e-12,1.044621e-01,1.044621e-01,5.835930e-03,5.835930e-03,1.366297e-02,1.366297e-02,6.267727e-02,3.552372e-02,3.501558e-03,1.989906e-01
6.833333e+06,7.250000e+01,3.778337e+04,4.618112e+03,5.433564e-01,2.856545e+00,6.833333e+06,5.440820e-01,7.250000e+01,4.200000e-12,1.027129e-01,1.027129e-01,5.626249e-03,5.626249e-03,1.391397e-02,1.391397e-02,6.162772e-02,3.617632e-02,3.375750e-03,1.976705e-01
6.833333e+06,7.500000e+01,3.789793e+04,4.667029e+03,5.384753e-01,2.838878e+00,6.833333e+06,5.529615e-01,7.500000e+01,4.200000e-12,1.010635e-01,1.010635e-01,5.428549e-03,5.428549e-03,1.416263e-02,1.416263e-02,6.063809e-02,3.682283e-02,3.257129e-03,1.964479e-01
6.833333e+06,7.750000e+01,3.801300e+04,4.716103e+03,5.338880e-01,2.822567e+00,6.833333e+06,5.617079e-01,7.750000e+01,4.200000e-12,9.948982e-02,9.948982e-02,5.239934e-03,5.239934e-03,1.440683e-02,1.440683e-02,5.969389e-02,3.745777e-02,3.143961e-03,1.953192e-01
6.833333e+06,8.000000e+01,3.812798e+04,4.766385e+03,5.294905e-01,2.807705e+00,6.833333e+06,5.704812e-01,8.000000e+01,4.200000e-12,9.795980e-02,9.795980e-02,5.056562e-03,5.056562e-03,1.464287e-02,1.464287e-02,5.877588e-02,3.807145e-02,3.033937e-03,1.942907e-01
6.833333e+06,8.250000e+01,3.824165e+04,4.820278e+03,5.251255e-01,2.794836e+00,6.833333e+06,5.795987e-01,8.250000e+01,4.200000e-12,9.641882e-02,9.641882e-02,4.871889e-03,4.871889e-03,1.486291e-02,1.486291e-02,5.785129e-02,3.864358e-02,2.923133e-03,1.934003e-01
6.833333e+06,8.500000e+01,3.835064e+04,4.885859e+03,5.204753e-01,2.786746e+00,6.833333e+06,5.899509e-01,8.500000e+01,4.200000e-12,9.472691e-02,9.472691e-02,4.669145e-03,4.669145e-03,1.504460e-02,1.504460e-02,5.683615e-02,3.911595e-02,2.801487e-03,1.928404e-01
7.000000e+06,2.500000e+01,3.672802e+04,3.488073e+03,8.776619e-01,3.963789e+00,7.000000e+06,2.872714e-01,2.500000e+01,4.200000e-12,1.993508e-01,1.993508e-01,1.663792e-02,1.663792e-02,9.087095e-03,9.087095e-03,1.196105e-01,2.362645e-02,9.982754e-03,2.742907e-01
7.000000e+06,2.750000e+01,3.679383e+04,3.581243e+03,8.274224e-01,3.811318e+00,7.000000e+06,3.089586e-01,2.750000e+01,4.200000e-12,1.853574e-01,1.853574e-01,1.500005e-02,1.500005e-02,9.294152e-03,9.294152e-03,1.112144e-01,2.416480e-02,9.000033e-03,2.637399e-01
7.000000e+06,3.000000e+01,3.686375e+04,3.670532e+03,7.859769e-01,3.684748e+00,7.000000e+06,3.295635e-01,3.000000e+01,4.200000e-12,1.737686e-01,1.737686e-01,1.364366e-02,1.364366e-02,9.505164e-03,9.505164e-03,1.042611e-01,2.471343e-02,8.186193e-03,2.549814e-01
7.000000e+06,3.250000e+01,3.693763e+04,3.756122e+03,7.513031e-01,3.578130e+00,7.000000e+06,3.491306e-01,3.250000e+01,4.200000e-12,1.640296e-01,1.640296e-01,1.250381e-02,1.250381e-02,9.720147e-03,9.720147e-03,9.841778e-02,2.527238e-02,7.502283e-03,2.476035e-01
7.000000e+06,3.500000e+01,3.701529e+04,3.838197e+03,7.219520e-01,3.487201e+00,7.000000e+06,3.677060e-01,3.500000e+01,4.200000e-12,1.557433e-01,1.557433e-01,1.153400e-02,1.153400e-02,9.939046e-03,9.939046e-03,9.344600e-02,2.584152e-02,6.920399e-03,2.413113e-01
7.000000e+06,3.750000e+01,3.709654e+04,3.916939e+03,6.968576e-01,3.408824e+00,7.000000e+06,3.853364e-01,3.750000e+01,4.200000e-12,1.486176e-01,1.486176e-01,1.070004e-02,1.070004e-02,1.016175e-02,1.016175e-02,8.917055e-02,2.642056e-02,6.420025e-03,2.358877e-01
7.000000e+06,4.000000e+01,3.718121e+04,3.992528e+03,6.752181e-01,3.340640e+00,7.000000e+06,4.020688e-01,4.000000e+01,4.200000e-12,1.424327e-01,1.424327e-01,9.976227e-03,9.976227e-03,1.038812e-02,1.038812e-02,8.545964e-02,2.700911e-02,5.985736e-03,2.311694e-01
7.000000e+06,4.250000e+01,3.726912e+04,4.065145e+03,6.564186e-01,3.280840e+00,7.000000e+06,4.179504e-01,4.250000e+01,4.200000e-12,1.370205e-01,1.370205e-01,9.342848e-03,9.342848e-03,1.061797e-02,1.061797e-02,8.221228e-02,2.760673e-02,5.605709e-03,2.270313e-01
7.000000e+06,4.500000e+01,3.736009e+04,4.134964e+03,6.399796e-01,3.228013e+00,7.000000e+06,4.330279e-01,4.500000e+01,4.200000e-12,1.322496e-01,1.322496e-01,8.784548e-03,8.784548e-03,1.085111e-02,1.085111e-02,7.934976e-02,2.821288e-02,5.270729e-03,2.233757e-01
7.000000e+06,4.750000e+01,3.745395e+04,4.202160e+03,6.255214e-01,3.181044e+00,7.000000e+06,4.473474e-01,4.750000e+01,4.200000e-12,1.280163e-01,1.280163e-01,8.289177e-03,8.289177e-03,1.108731e-02,1.108731e-02,7.680979e-02,2.882700e-02,4.973506e-03,2.201255e-01
7.000000e+06,5.000000e+01,3.755052e+04,4.266900e+03,6.127394e-01,3.139038e+00,7.000000e+06,4.609542e-01,5.000000e+01,4.200000e-12,1.242374e-01,1.242374e-01,7.846995e-03,7.846995e-03,1.132634e-02,1.132634e-02,7.454246e-02,2.944849e-02,4.708197e-03,2.172187e-01
7.000000e+06,5.250000e+01,3.764964e+04,4.329350e+03,6.013862e-01,3.101272e+00,7.000000e+06,4.738928e-01,5.250000e+01,4.200000e-12,1.208454e-01,1.208454e-01,7.450096e-03,7.450096e-03,1.156795e-02,1.156795e-02,7.250723e-02,3.007668e-02,4.470058e-03,2.146053e-01
7.000000e+06,5.500000e+01,3.775113e+04,4.389674e+03,5.912584e-01,3.067151e+00,7.000000e+06,4.862069e-01,5.500000e+01,4.200000e-12,1.177848e-01,1.177848e-01,7.091992e-03,7.091992e-03,1.181188e-02,1.181188e-02,7.067086e-02,3.071089e-02,4.255195e-03,2.122442e-01
7.000000e+06,5.750000e+01,3.785484e+04,4.448034e+03,5.821871e-01,3.036185e+00,7.000000e+06,4.979393e-01,5.750000e+01,4.200000e-12,1.150095e-01,1.150095e-01,6.767293e-03,6.767293e-03,1.205782e-02,1.205782e-02,6.900572e-02,3.135034e-02,4.060376e-03,2.101014e-01
7.000000e+06,6.000000e+01,3.796060e+04,4.504592e+03,5.740301e-01,3.007965e+00,7.000000e+06,5.091328e-01,6.000000e+01,4.200000e-12,1.124810e-01,1.124810e-01,6.471471e-03,6.471471e-03,1.230545e-02,1.230545e-02,6.748860e-02,3.199418e-02,3.882883e-03,2.081486e-01
7.000000e+06,6.250000e+01,3.806825e+04,4.559519e+03,5.666664e-01,2.982150e+00,7.000000e+06,5.198305e-01,6.250000e+01,4.200000e-12,1.101662e-01,1.101662e-01,6.200671e-03,6.200671e-03,1.255439e-02,1.255439e-02,6.609974e-02,3.264142e-02,3.720403e-03,2.063622e-01
7.000000e+06,6.500000e+01,3.817761e+04,4.612995e+03,5.599910e-01,2.958453e+00,7.000000e+06,5.300771e-01,6.500000e+01,4.200000e-12,1.080367e-01,1.080367e-01,5.951552e-03,5.951552e-03,1.280418e-02,1.280418e-02,6.482201e-02,3.329087e-02,3.570931e-03,2.047224e-01
7.000000e+06,6.750000e+01,3.828851e+04,4.665230e+03,5.539109e-01,2.936631e+00,7.000000e+06,5.399207e-01,6.750000e+01,4.200000e-12,1.060670e-01,1.060670e-01,5.721146e-03,5.721146e-03,1.305423e-02,1.305423e-02,6.364019e-02,3.394099e-02,3.432688e-03,2.032123e-01
7.000000e+06,7.000000e+01,3.840073e+04,4.716478e+03,5.483410e-01,2.916487e+00,7.000000e+06,5.494164e-01,7.000000e+01,4.200000e-12,1.042338e-01,1.042338e-01,5.506720e-03,5.506720e-03,1.330374e-02,1.330374e-02,6.254029e-02,3.458973e-02,3.304032e-03,2.018184e-01
7.000000e+06,7.250000e+01,3.851402e+04,4.767089e+03,5.431989e-01,2.897869e+00,7.000000e+06,5.586321e-01,7.250000e+01,4.200000e-12,1.025143e-01,1.025143e-01,5.305597e-03,5.305597e-03,1.355157e-02,1.355157e-02,6.150857e-02,3.523408e-02,3.183358e-03,2.005300e-01
7.000000e+06,7.500000e+01,3.862802e+04,4.817598e+03,5.383983e-01,2.880689e+00,7.000000e+06,5.676617e-01,7.500000e+01,4.200000e-12,1.008836e-01,1.008836e-01,5.114881e-03,5.114881e-03,1.379587e-02,1.379587e-02,6.053017e-02,3.586926e-02,3.068929e-03,1.993412e-01
7.000000e+06,7.750000e+01,3.874217e+04,4.868965e+03,5.338359e-01,2.864987e+00,7.000000e+06,5.766539e-01,7.750000e+01,4.200000e-12,9.931047e-02,9.931047e-02,4.930902e-03,4.930902e-03,1.403343e-02,1.403343e-02,5.958628e-02,3.648692e-02,2.958541e-03,1.982546e-01
7.000000e+06,8.000000e+01,3.885537e+04,4.923319e+03,5.293621e-01,2.851171e+00,7.000000e+06,5.858955e-01,8.000000e+01,4.200000e-12,9.774399e-02,9.774399e-02,4.747717e-03,4.747717e-03,1.425763e-02,1.425763e-02,5.864640e-02,3.706983e-02,2.848630e-03,1.972986e-01
7.000000e+06,8.250000e+01,3.896472e+04,4.987467e+03,5.246864e-01,2.841397e+00,7.000000e+06,5.961551e-01,8.250000e+01,4.200000e-12,9.606185e-02,9.606185e-02,4.551024e-03,4.551024e-03,1.445014e-02,1.445014e-02,5.763711e-02,3.757037e-02,2.730614e-03,1.966222e-01
7.000000e+06,8.500000e+01,3.905136e+04,5.118536e+03,5.188027e-01,2.860446e+00,7.000000e+06,6.123992e-01,8.500000e+01,4.200000e-12,9.351378e-02,9.351378e-02,4.253120e-03,4.253120e-03,1.449311e-02,1.449311e-02,5.610827e-02,3.768210e-02,2.551872e-03,1.979404e-01
7.166667e+06,2.500000e+01,3.747662e+04,3.600906e+03,8.709286e-01,3.987699e+00,7.166667e+06,2.970802e-01,2.500000e+01,4.200000e-12,1.974258e-01,1.974258e-01,1.586752e-02,1.586752e-02,8.787062e-03,8.787062e-03,1.184555e-01,2.284636e-02,9.520510e-03,2.759453e-01
7.166667e+06,2.750000e+01,3.754023e+04,3.697879e+03,8.215949e-01,3.837491e+00,7.166667e+06,3.193471e-01,2.750000e+01,4.200000e-12,1.836601e-01,1.836601e-01,1.429431e-02,1.429431e-02,8.991811e-03,8.991811e-03,1.101961e-01,2.337871e-02,8.576588e-03,2.655511e-01
7.166667e+06,3.000000e+01,3.760819e+04,3.790651e+03,7.809211e-01,3.712853e+00,7.166667e+06,3.404692e-01,3.000000e+01,4.200000e-12,1.722661e-01,1.722661e-01,1.299220e-02,1.299220e-02,9.200699e-03,9.200699e-03,1.033597e-01,2.392182e-02,7.795318e-03,2.569263e-01
7.166667e+06,3.250000e+01,3.768032e+04,3.879424e+03,7.469146e-01,3.607910e+00,7.166667e+06,3.604953e-01,3.250000e+01,4.200000e-12,1.626965e-01,1.626965e-01,1.189860e-02,1.189860e-02,9.413719e-03,9.413719e-03,9.761789e-02,2.447567e-02,7.139159e-03,2.496643e-01
7.166667e+06,3.500000e+01,3.775644e+04,3.964400e+03,7.181475e-01,3.518450e+00,7.166667e+06,3.794752e-01,3.500000e+01,4.200000e-12,1.545590e-01,1.545590e-01,1.096869e-02,1.096869e-02,9.630794e-03,9.630794e-03,9.273541e-02,2.504007e-02,6.581216e-03,2.434737e-01
7.166667e+06,3.750000e+01,3.783635e+04,4.045784e+03,6.935692e-01,3.441375e+00,7.166667e+06,3.974598e-01,3.750000e+01,4.200000e-12,1.475654e-01,1.475654e-01,1.016952e-02,1.016952e-02,9.851797e-03,9.851797e-03,8.853923e-02,2.561467e-02,6.101714e-03,2.381402e-01
7.166667e+06,4.000000e+01,3.791986e+04,4.123776e+03,6.723897e-01,3.374355e+00,7.166667e+06,4.145006e-01,4.000000e+01,4.200000e-12,1.414987e-01,1.414987e-01,9.476306e-03,9.476306e-03,1.007656e-02,1.007656e-02,8.489924e-02,2.619905e-02,5.685783e-03,2.335024e-01
7.166667e+06,4.250000e+01,3.800676e+04,4.198576e+03,6.540029e-01,3.315601e+00,7.166667e+06,4.306488e-01,4.250000e+01,4.200000e-12,1.361929e-01,1.361929e-01,8.870048e-03,8.870048e-03,1.030488e-02,1.030488e-02,8.171574e-02,2.679270e-02,5.322029e-03,2.294367e-01
7.166667e+06,4.500000e+01,3.809687e+04,4.270380e+03,6.379361e-01,3.263721e+00,7.166667e+06,4.459552e-01,4.500000e+01,4.200000e-12,1.315184e-01,1.315184e-01,8.335945e-03,8.335945e-03,1.053656e-02,1.053656e-02,7.891103e-02,2.739505e-02,5.001567e-03,2.258467e-01
7.166667e+06,4.750000e+01,3.818999e+04,4.339379e+03,6.238152e-01,3.217614e+00,7.166667e+06,4.604700e-01,4.750000e+01,4.200000e-12,1.273727e-01,1.273727e-01,7.862285e-03,7.862285e-03,1.077134e-02,1.077134e-02,7.642362e-02,2.800548e-02,4.717371e-03,2.226561e-01
7.166667e+06,5.000000e+01,3.828593e+04,4.405762e+03,6.113399e-01,3.176395e+00,7.166667e+06,4.742424e-01,5.000000e+01,4.200000e-12,1.236737e-01,1.236737e-01,7.439679e-03,7.439679e-03,1.100898e-02,1.100898e-02,7.420422e-02,2.862335e-02,4.463807e-03,2.198038e-01
7.166667e+06,5.250000e+01,3.838452e+04,4.469712e+03,6.002662e-01,3.139350e+00,7.166667e+06,4.873205e-01,5.250000e+01,4.200000e-12,1.203547e-01,1.203547e-01,7.060503e-03,7.060503e-03,1.124921e-02,1.124921e-02,7.221281e-02,2.924794e-02,4.236302e-03,2.172403e-01
7.166667e+06,5.500000e+01,3.848558e+04,4.531411e+03,5.903935e-01,3.105893e+00,7.166667e+06,4.997518e-01,5.500000e+01,4.200000e-12,1.173609e-01,1.173609e-01,6.718498e-03,6.718498e-03,1.149174e-02,1.149174e-02,7.041653e-02,2.987852e-02,4.031099e-03,2.149251e-01
7.166667e+06,5.750000e+01,3.858892e+04,4.591039e+03,5.815550e-01,3.075539e+00,7.166667e+06,5.115828e-01,5.750000e+01,4.200000e-12,1.146468e-01,1.146468e-01,6.408457e-03,6.408457e-03,1.173625e-02,1.173625e-02,6.878806e-02,3.051425e-02,3.845074e-03,2.128246e-01
7.166667e+06,6.000000e+01,3.869436e+04,4.648781e+03,5.736099e-01,3.047885e+00,7.166667e+06,5.228602e-01,6.000000e+01,4.200000e-12,1.121740e-01,1.121740e-01,6.125999e-03,6.125999e-03,1.198238e-02,1.198238e-02,6.730439e-02,3.115419e-02,3.675600e-03,2.109110e-01
7.166667e+06,6.250000e+01,3.880173e+04,4.704832e+03,5.664382e-01,3.022596e+00,7.166667e+06,5.336316e-01,6.250000e+01,4.200000e-12,1.099097e-01,1.099097e-01,5.867376e-03,5.867376e-03,1.222970e-02,1.222970e-02,6.594584e-02,3.179723e-02,3.520425e-03,2.091611e-01
7.166667e+06,6.500000e+01,3.891084e+04,4.759405e+03,5.599347e-01,2.999390e+00,7.166667e+06,5.439473e-01,6.500000e+01,4.200000e-12,1.078254e-01,1.078254e-01,5.629310e-03,5.629310e-03,1.247768e-02,1.247768e-02,6.469521e-02,3.244198e-02,3.377586e-03,2.075552e-01
7.166667e+06,6.750000e+01,3.902147e+04,4.812756e+03,5.540050e-01,2.978032e+00,7.166667e+06,5.538630e-01,6.750000e+01,4.200000e-12,1.058950e-01,1.058950e-01,5.408846e-03,5.408846e-03,1.272562e-02,1.272562e-02,6.353699e-02,3.308660e-02,3.245308e-03,2.060773e-01
7.166667e+06,7.000000e+01,3.913337e+04,4.865220e+03,5.485607e-01,2.958339e+00,7.166667e+06,5.634456e-01,7.000000e+01,4.200000e-12,1.040940e-01,1.040940e-01,5.203175e-03,5.203175e-03,1.297249e-02,1.297249e-02,6.245641e-02,3.372849e-02,3.121905e-03,2.047145e-01
7.166667e+06,7.250000e+01,3.924620e+04,4.917292e+03,5.435117e-01,2.940185e+00,7.166667e+06,5.727839e-01,7.250000e+01,4.200000e-12,1.023969e-01,1.023969e-01,5.009379e-03,5.009379e-03,1.321675e-02,1.321675e-02,6.143816e-02,3.436355e-02,3.005627e-03,2.034583e-01
7.166667e+06,7.500000e+01,3.935944e+04,4.969829e+03,5.387557e-01,2.923553e+00,7.166667e+06,5.820138e-01,7.500000e+01,4.200000e-12,1.007731e-01,1.007731e-01,4.823956e-03,4.823956e-03,1.345567e-02,1.345567e-02,6.046384e-02,3.498475e-02,2.894374e-03,2.023074e-01
7.166667e+06,7.750000e+01,3.947215e+04,5.024647e+03,5.341521e-01,2.908717e+00,7.166667e+06,5.913862e-01,7.750000e+01,4.200000e-12,9.917598e-02,9.917598e-02,4.641605e-03,4.641605e-03,1.368384e-02,1.368384e-02,5.950559e-02,3.557798e-02,2.784963e-03,2.012807e-01
7.166667e+06,8.000000e+01,3.958194e+04,5.087141e+03,5.294444e-01,2.897195e+00,7.166667e+06,6.015307e-01,8.000000e+01,4.200000e-12,9.750343e-02,9.750343e-02,4.450655e-03,4.450655e-03,1.388704e-02,1.388704e-02,5.850206e-02,3.610630e-02,2.670393e-03,2.004834e-01
7.166667e+06,8.250000e+01,3.967490e+04,5.198679e+03,5.238198e-01,2.906193e+00,7.166667e+06,6.161117e-01,8.250000e+01,4.200000e-12,9.519590e-02,9.519590e-02,4.187247e-03,4.187247e-03,1.398208e-02,1.398208e-02,5.711754e-02,3.635342e-02,2.512348e-03,2.011060e-01
7.166667e+06,8.500000e+01,3.973226e+04,5.391311e+03,5.151122e-01,2.937314e+00,7.166667e+06,6.400855e-01,8.500000e+01,4.200000e-12,9.163044e-02,9.163044e-02,3.780339e-03,3.780339e-03,1.386623e-02,1.386623e-02,5.497826e-02,3.605220e-02,2.268204e-03,2.032596e-01
7.333333e+06,2.500000e+01,3.822560e+04,3.715056e+03,8.650565e-01,4.013524e+00,7.333333e+06,3.067913e-01,2.500000e+01,4.200000e-12,1.956863e-01,1.956863e-01,1.515332e-02,1.515332e-02,8.508919e-03,8.508919e-03,1.174118e-01,2.212319e-02,9.091995e-03,2.777324e-01
7.333333e+06,2.750000e+01,3.828707e+04,3.815853e+03,8.165734e-01,3.865437e+00,7.333333e+06,3.296179e-01,2.750000e+01,4.200000e-12,1.821347e-01,1.821347e-01,1.364030e-02,1.364030e-02,8.711627e-03,8.711627e-03,1.092808e-01,2.265023e-02,8.184180e-03,2.674849e-01
7.333333e+06,3.000000e+01,3.835315e+04,3.912114e+03,7.766254e-01,3.742614e+00,7.333333e+06,3.512364e-01,3.000000e+01,4.200000e-12,1.709243e-01,1.709243e-01,1.238871e-02,1.238871e-02,8.918650e-03,8.918650e-03,1.025546e-01,2.318849e-02,7.433227e-03,2.589857e-01
7.333333e+06,3.250000e+01,3.842363e+04,4.004063e+03,7.432474e-01,3.639246e+00,7.333333e+06,3.716995e-01,3.250000e+01,4.200000e-12,1.615145e-01,1.615145e-01,1.133817e-02,1.133817e-02,9.129958e-03,9.129958e-03,9.690869e-02,2.373789e-02,6.802903e-03,2.518327e-01
7.333333e+06,3.500000e+01,3.849830e+04,4.091924e+03,7.150310e-01,3.551169e+00,7.333333e+06,3.910615e-01,3.500000e+01,4.200000e-12,1.535177e-01,1.535177e-01,1.044542e-02,1.044542e-02,9.345453e-03,9.345453e-03,9.211060e-02,2.429818e-02,6.267250e-03,2.457378e-01
7.333333e+06,3.750000e+01,3.857695e+04,4.175923e+03,6.909400e-01,3.475321e+00,7.333333e+06,4.093779e-01,3.750000e+01,4.200000e-12,1.466490e-01,1.466490e-01,9.678632e-03,9.678632e-03,9.564986e-03,9.564986e-03,8.798940e-02,2.486896e-02,5.807179e-03,2.404892e-01
7.333333e+06,4.000000e+01,3.865937e+04,4.256284e+03,6.701950e-01,3.409398e+00,7.333333e+06,4.267044e-01,4.000000e+01,4.200000e-12,1.406942e-01,1.406942e-01,9.013899e-03,9.013899e-03,9.788368e-03,9.788368e-03,8.441655e-02,2.544976e-02,5.408339e-03,2.359274e-01
7.333333e+06,4.250000e+01,3.874535e+04,4.333228e+03,6.521983e-01,3.351632e+00,7.333333e+06,4.430969e-01,4.250000e+01,4.200000e-12,1.354892e-01,1.354892e-01,8.432883e-03,8.432883e-03,1.001538e-02,1.001538e-02,8.129354e-02,2.604000e-02,5.059730e-03,2.319300e-01
7.333333e+06,4.500000e+01,3.883467e+04,4.406973e+03,6.364835e-01,3.300646e+00,7.333333e+06,4.586105e-01,4.500000e+01,4.200000e-12,1.309060e-01,1.309060e-01,7.921294e-03,7.921294e-03,1.024580e-02,1.024580e-02,7.854359e-02,2.663908e-02,4.752777e-03,2.284019e-01
7.333333e+06,4.750000e+01,3.892714e+04,4.477731e+03,6.226815e-01,3.255353e+00,7.333333e+06,4.732996e-01,4.750000e+01,4.200000e-12,1.268432e-01,1.268432e-01,7.467828e-03,7.467828e-03,1.047936e-02,1.047936e-02,7.610595e-02,2.724635e-02,4.480697e-03,2.252676e-01
7.333333e+06,5.000000e+01,3.902254e+04,4.545709e+03,6.104960e-01,3.214877e+00,7.333333e+06,4.872173e-01,5.000000e+01,4.200000e-12,1.232199e-01,1.232199e-01,7.063420e-03,7.063420e-03,1.071580e-02,1.071580e-02,7.393192e-02,2.786109e-02,4.238052e-03,2.224667e-01
7.333333e+06,5.250000e+01,3.912068e+04,4.611113e+03,5.996862e-01,3.178513e+00,7.333333e+06,5.004160e-01,5.250000e+01,4.200000e-12,1.199699e-01,1.199699e-01,6.700707e-03,6.700707e-03,1.095483e-02,1.095483e-02,7.198194e-02,2.848255e-02,4.020424e-03,2.199504e-01
7.333333e+06,5.500000e+01,3.922136e+04,4.674142e+03,5.900540e-01,3.145682e+00,7.333333e+06,5.129466e-01,5.500000e+01,4.200000e-12,1.170392e-01,1.170392e-01,6.373641e-03,6.373641e-03,1.119613e-02,1.119613e-02,7.022351e-02,2.910994e-02,3.824184e-03,2.176785e-01
7.333333e+06,5.750000e+01,3.932439e+04,4.735000e+03,5.814345e-01,3.115906e+00,7.333333e+06,5.248601e-01,5.750000e+01,4.200000e-12,1.143826e-01,1.143826e-01,6.077184e-03,6.077184e-03,1.143936e-02,1.143936e-02,6.862956e-02,2.974234e-02,3.646310e-03,2.156180e-01
7.333333e+06,6.000000e+01,3.942957e+04,4.793895e+03,5.736881e-01,3.088787e+00,7.333333e+06,5.362072e-01,6.000000e+01,4.200000e-12,1.119620e-01,1.119620e-01,5.807082e-03,5.807082e-03,1.168412e-02,1.168412e-02,6.717722e-02,3.037871e-02,3.484249e-03,2.137414e-01
7.333333e+06,6.250000e+01,3.953671e+04,4.851050e+03,5.666949e-01,3.063995e+00,7.333333e+06,5.470409e-01,6.250000e+01,4.200000e-12,1.097447e-01,1.097447e-01,5.559674e-03,5.559674e-03,1.192992e-02,1.192992e-02,6.584684e-02,3.101780e-02,3.335804e-03,2.120258e-01
7.333333e+06,6.500000e+01,3.964559e+04,4.906723e+03,5.603493e-01,3.041255e+00,7.333333e+06,5.574181e-01,6.500000e+01,4.200000e-12,1.077017e-01,1.077017e-01,5.331722e-03,5.331722e-03,1.217614e-02,1.217614e-02,6.462100e-02,3.165797e-02,3.199033e-03,2.104522e-01
7.333333e+06,6.750000e+01,3.975596e+04,4.961235e+03,5.545543e-01,3.020344e+00,7.333333e+06,5.674047e-01,6.750000e+01,4.200000e-12,1.058061e-01,1.058061e-01,5.120237e-03,5.120237e-03,1.242191e-02,1.242191e-02,6.348363e-02,3.229696e-02,3.072142e-03,2.090052e-01
7.333333e+06,7.000000e+01,3.986749e+04,5.015043e+03,5.492155e-01,3.001098e+00,7.333333e+06,5.770849e-01,7.000000e+01,4.200000e-12,1.040312e-01,1.040312e-01,4.922240e-03,4.922240e-03,1.266589e-02,1.266589e-02,6.241874e-02,3.293131e-02,2.953344e-03,2.076734e-01
7.333333e+06,7.250000e+01,3.997973e+04,5.068899e+03,5.442302e-01,2.983443e+00,7.333333e+06,5.865815e-01,7.250000e+01,4.200000e-12,1.023470e-01,1.023470e-01,4.734363e-03,4.734363e-03,1.290586e-02,1.290586e-02,6.140820e-02,3.355525e-02,2.840618e-03,2.064517e-01
7.333333e+06,7.500000e+01,4.009185e+04,5.124312e+03,5.394666e-01,2.967527e+00,7.333333e+06,5.961095e-01,7.500000e+01,4.200000e-12,1.007111e-01,1.007111e-01,4.551894e-03,4.551894e-03,1.313750e-02,1.313750e-02,6.042667e-02,3.415749e-02,2.731136e-03,2.053503e-01
7.333333e+06,7.750000e+01,4.020197e+04,5.185392e+03,5.347030e-01,2.954338e+00,7.333333e+06,6.061672e-01,7.750000e+01,4.200000e-12,9.904008e-02,9.904008e-02,4.365521e-03,4.365521e-03,1.335017e-02,1.335017e-02,5.942405e-02,3.471043e-02,2.619312e-03,2.044376e-01
7.333333e+06,8.000000e+01,4.030158e+04,5.275853e+03,5.293335e-01,2.952823e+00,7.333333e+06,6.189958e-01,8.000000e+01,4.200000e-12,9.698750e-02,9.698750e-02,4.136622e-03,4.136622e-03,1.349521e-02,1.349521e-02,5.819250e-02,3.508755e-02,2.481973e-03,2.043328e-01
7.333333e+06,8.250000e+01,4.035482e+04,5.491430e+03,5.208121e-01,2.995253e+00,7.333333e+06,6.440574e-01,8.250000e+01,4.200000e-12,9.321351e-02,9.321351e-02,3.715860e-03,3.715860e-03,1.337540e-02,1.337540e-02,5.592811e-02,3.477604e-02,2.229516e-03,2.072689e-01
7.333333e+06,8.500000e+01,4.043627e+04,5.563989e+03,5.112306e-01,2.957964e+00,7.333333e+06,6.616866e-01,8.500000e+01,4.200000e-12,9.073005e-02,9.073005e-02,3.439048e-03,3.439048e-03,1.341356e-02,1.341356e-02,5.443803e-02,3.487525e-02,2.063429e-03,2.046886e-01
7.500000e+06,2.500000e+01,3.897495e+04,3.830492e+03,8.599606e-01,4.041077e+00,7.500000e+06,3.164036e-01,2.500000e+01,4.200000e-12,1.941141e-01,1.941141e-01,1.448958e-02,1.448958e-02,8.250420e-03,8.250420e-03,1.164685e-01,2.145109e-02,8.693747e-03,2.796390e-01
7.500000e+06,2.750000e+01,3.903437e+04,3.935130e+03,8.122786e-01,3.894985e+00,7.500000e+06,3.397701e-01,2.750000e+01,4.200000e-12,1.807646e-01,1.807646e-01,1.303271e-02,1.303271e-02,8.451327e-03,8.451327e-03,1.084587e-01,2.197345e-02,7.819624e-03,2.695296e-01
7.500000e+06,3.000000e+01,3.909864e+04,4.034882e+03,7.730154e-01,3.773870e+00,7.500000e+06,3.618641e-01,3.000000e+01,4.200000e-12,1.697278e-01,1.697278e-01,1.182828e-02,1.182828e-02,8.656717e-03,8.656717e-03,1.018367e-01,2.250746e-02,7.096965e-03,2.611486e-01
7.500000e+06,3.250000e+01,3.916755e+04,4.129995e+03,7.402311e-01,3.671987e+00,7.500000e+06,3.827425e-01,3.250000e+01,4.200000e-12,1.604692e-01,1.604692e-01,1.081793e-02,1.081793e-02,8.866538e-03,8.866538e-03,9.628155e-02,2.305300e-02,6.490756e-03,2.540984e-01
7.500000e+06,3.500000e+01,3.924085e+04,4.220718e+03,7.125355e-01,3.585217e+00,7.500000e+06,4.024645e-01,3.500000e+01,4.200000e-12,1.526058e-01,1.526058e-01,9.959847e-03,9.959847e-03,9.080669e-03,9.080669e-03,9.156345e-02,2.360974e-02,5.975908e-03,2.480939e-01
7.500000e+06,3.750000e+01,3.931833e+04,4.307302e+03,6.889059e-01,3.510529e+00,7.500000e+06,4.210903e-01,3.750000e+01,4.200000e-12,1.458556e-01,1.458556e-01,9.223292e-03,9.223292e-03,9.298939e-03,9.298939e-03,8.751339e-02,2.417724e-02,5.533975e-03,2.429255e-01
7.500000e+06,4.000000e+01,3.939976e+04,4.389995e+03,6.685726e-01,3.445643e+00,7.500000e+06,4.386806e-01,4.000000e+01,4.200000e-12,1.400071e-01,1.400071e-01,8.585143e-03,8.585143e-03,9.521141e-03,9.521141e-03,8.400427e-02,2.475497e-02,5.151086e-03,2.384355e-01
7.500000e+06,4.250000e+01,3.948489e+04,4.469041e+03,6.509456e-01,3.388812e+00,7.500000e+06,4.552957e-01,4.250000e+01,4.200000e-12,1.348978e-01,1.348978e-01,8.027679e-03,8.027679e-03,9.747041e-03,9.747041e-03,8.093870e-02,2.534231e-02,4.816607e-03,2.345029e-01
7.500000e+06,4.500000e+01,3.957352e+04,4.544681e+03,6.355644e-01,3.338673e+00,7.500000e+06,4.709955e-01,4.500000e+01,4.200000e-12,1.304013e-01,1.304013e-01,7.537090e-03,7.537090e-03,9.976385e-03,9.976385e-03,7.824075e-02,2.593860e-02,4.522254e-03,2.310333e-01
7.500000e+06,4.750000e+01,3.966540e+04,4.617150e+03,6.220646e-01,3.294150e+00,7.500000e+06,4.858386e-01,4.750000e+01,4.200000e-12,1.264173e-01,1.264173e-01,7.102449e-03,7.102449e-03,1.020890e-02,1.020890e-02,7.585037e-02,2.654314e-02,4.261470e-03,2.279523e-01
7.500000e+06,5.000000e+01,3.976032e+04,4.686676e+03,6.101535e-01,3.254378e+00,7.500000e+06,4.998827e-01,5.000000e+01,4.200000e-12,1.228656e-01,1.228656e-01,6.714995e-03,6.714995e-03,1.044430e-02,1.044430e-02,7.371938e-02,2.715518e-02,4.028997e-03,2.252001e-01
7.500000e+06,5.250000e+01,3.985808e+04,4.753487e+03,5.995935e-01,3.218659e+00,7.500000e+06,5.131839e-01,5.250000e+01,4.200000e-12,1.196811e-01,1.196811e-01,6.367608e-03,6.367608e-03,1.068227e-02,1.068227e-02,7.180865e-02,2.777391e-02,3.820565e-03,2.227284e-01
7.500000e+06,5.500000e+01,3.995845e+04,4.817804e+03,5.901885e-01,3.186420e+00,7.500000e+06,5.257975e-01,5.500000e+01,4.200000e-12,1.168100e-01,1.168100e-01,6.054432e-03,6.054432e-03,1.092249e-02,1.092249e-02,7.008599e-02,2.839847e-02,3.632659e-03,2.204975e-01
7.500000e+06,5.750000e+01,4.006123e+04,4.879854e+03,5.817751e-01,3.157191e+00,7.500000e+06,5.377786e-01,5.750000e+01,4.200000e-12,1.142076e-01,1.142076e-01,5.770582e-03,5.770582e-03,1.116456e-02,1.116456e-02,6.852455e-02,2.902786e-02,3.462349e-03,2.184749e-01
7.500000e+06,6.000000e+01,4.016620e+04,4.939873e+03,5.742148e-01,3.130579e+00,7.500000e+06,5.491831e-01,6.000000e+01,4.200000e-12,1.118359e-01,1.118359e-01,5.511915e-03,5.511915e-03,1.140805e-02,1.140805e-02,6.710155e-02,2.966094e-02,3.307149e-03,2.166333e-01
7.500000e+06,6.250000e+01,4.027315e+04,4.998123e+03,5.673873e-01,3.106259e+00,7.500000e+06,5.600698e-01,6.250000e+01,4.200000e-12,1.096620e-01,1.096620e-01,5.274836e-03,5.274836e-03,1.165240e-02,1.165240e-02,6.579723e-02,3.029623e-02,3.164901e-03,2.149504e-01
7.500000e+06,6.500000e+01,4.038181e+04,5.054918e+03,5.611855e-01,3.083965e+00,7.500000e+06,5.705044e-01,6.500000e+01,4.200000e-12,1.076563e-01,1.076563e-01,5.056109e-03,5.056109e-03,1.189684e-02,1.189684e-02,6.459378e-02,3.093179e-02,3.033665e-03,2.134077e-01
7.500000e+06,6.750000e+01,4.049190e+04,5.110677e+03,5.555080e-01,3.063490e+00,7.500000e+06,5.805670e-01,6.750000e+01,4.200000e-12,1.057904e-01,1.057904e-01,4.852642e-03,4.852642e-03,1.214028e-02,1.214028e-02,6.347422e-02,3.156474e-02,2.911585e-03,2.119909e-01
7.500000e+06,7.000000e+01,4.060298e+04,5.166057e+03,5.502507e-01,3.044707e+00,7.500000e+06,5.903684e-01,7.000000e+01,4.200000e-12,1.040340e-01,1.040340e-01,4.661140e-03,4.661140e-03,1.238090e-02,1.238090e-02,6.242042e-02,3.219035e-02,2.796684e-03,2.106911e-01
7.500000e+06,7.250000e+01,4.071436e+04,5.222293e+03,5.452886e-01,3.027652e+00,7.500000e+06,6.000911e-01,7.250000e+01,4.200000e-12,1.023485e-01,1.023485e-01,4.477371e-03,4.477371e-03,1.261532e-02,1.261532e-02,6.140908e-02,3.279983e-02,2.686423e-03,2.095109e-01
7.500000e+06,7.500000e+01,4.082458e+04,5.282450e+03,5.404305e-01,3.012915e+00,7.500000e+06,6.101227e-01,7.500000e+01,4.200000e-12,1.006657e-01,1.006657e-01,4.293918e-03,4.293918e-03,1.283576e-02,1.283576e-02,6.039939e-02,3.337297e-02,2.576351e-03,2.084911e-01
7.500000e+06,7.750000e+01,4.092844e+04,5.359963e+03,5.352311e-01,3.004923e+00,7.500000e+06,6.218319e-01,7.750000e+01,4.200000e-12,9.877011e-02,9.877011e-02,4.087299e-03,4.087299e-03,1.301386e-02,1.301386e-02,5.926206e-02,3.383604e-02,2.452380e-03,2.079381e-01
7.500000e+06,8.000000e+01,4.098383e+04,5.581099e+03,5.272944e-01,3.052141e+00,7.500000e+06,6.463272e-01,8.000000e+01,4.200000e-12,9.502679e-02,9.502679e-02,3.679371e-03,3.679371e-03,1.292454e-02,1.292454e-02,5.701607e-02,3.360379e-02,2.207623e-03,2.112055e-01
7.500000e+06,8.250000e+01,4.105751e+04,5.678426e+03,5.172478e-01,3.023289e+00,7.500000e+06,6.660076e-01,8.250000e+01,4.200000e-12,9.221877e-02,9.221877e-02,3.373451e-03,3.373451e-03,1.293458e-02,1.293458e-02,5.533126e-02,3.362990e-02,2.024071e-03,2.092090e-01
7.500000e+06,8.500000e+01,4.115899e+04,5.687298e+03,5.088178e-01,2.961494e+00,7.500000e+06,6.783580e-01,8.500000e+01,4.200000e-12,9.053980e-02,9.053980e-02,3.190574e-03,3.190574e-03,1.308391e-02,1.308391e-02,5.432388e-02,3.401815e-02,1.914344e-03,2.049329e-01
7.666667e+06,2.500000e+01,3.972468e+04,3.947187e+03,8.555669e-01,4.070195e+00,7.666667e+06,3.259161e-01,2.500000e+01,4.200000e-12,1.926936e-01,1.926936e-01,1.387127e-02,1.387127e-02,8.009616e-03,8.009616e-03,1.156162e-01,2.082500e-02,8.322764e-03,2.816540e-01
7.666667e+06,2.750000e+01,3.978213e+04,4.055676e+03,8.086417e-01,3.925984e+00,7.666667e+06,3.498027e-01,2.750000e+01,4.200000e-12,1.795353e-01,1.795353e-01,1.246693e-02,1.246693e-02,8.208937e-03,8.208937e-03,1.077212e-01,2.134324e-02,7.480157e-03,2.716747e-01
7.666667e+06,3.000000e+01,3.984468e+04,4.158914e+03,7.700262e-01,3.806484e+00,7.666667e+06,3.723512e-01,3.000000e+01,4.200000e-12,1.686632e-01,1.686632e-01,1.130662e-02,1.130662e-02,8.412903e-03,8.412903e-03,1.011979e-01,2.187355e-02,6.783969e-03,2.634054e-01
7.666667e+06,3.250000e+01,3.991208e+04,4.257175e+03,7.378045e-01,3.706005e+00,7.666667e+06,3.936236e-01,3.250000e+01,4.200000e-12,1.595482e-01,1.595482e-01,1.033387e-02,1.033387e-02,8.621438e-03,8.621438e-03,9.572894e-02,2.241574e-02,6.200322e-03,2.564524e-01
7.666667e+06,3.500000e+01,3.998411e+04,4.350734e+03,7.106030e-01,3.620472e+00,7.666667e+06,4.136838e-01,3.500000e+01,4.200000e-12,1.518115e-01,1.518115e-01,9.508238e-03,9.508238e-03,8.834398e-03,8.834398e-03,9.108688e-02,2.296943e-02,5.704943e-03,2.505335e-01
7.666667e+06,3.750000e+01,4.006050e+04,4.439868e+03,6.874112e-01,3.546882e+00,7.666667e+06,4.325973e-01,3.750000e+01,4.200000e-12,1.451742e-01,1.451742e-01,8.799965e-03,8.799965e-03,9.051591e-03,9.051591e-03,8.710450e-02,2.353414e-02,5.279979e-03,2.454412e-01
7.666667e+06,4.000000e+01,4.014101e+04,4.524852e+03,6.674690e-01,3.482981e+00,7.666667e+06,4.504297e-01,4.000000e+01,4.200000e-12,1.394267e-01,1.394267e-01,8.186682e-03,8.186682e-03,9.272789e-03,9.272789e-03,8.365604e-02,2.410925e-02,4.912009e-03,2.410193e-01
7.666667e+06,4.250000e+01,4.022538e+04,4.605955e+03,6.501932e-01,3.427037e+00,7.666667e+06,4.672465e-01,4.250000e+01,4.200000e-12,1.344086e-01,1.344086e-01,7.651242e-03,7.651242e-03,9.497740e-03,9.497740e-03,8.064515e-02,2.469412e-02,4.590745e-03,2.371480e-01
7.666667e+06,4.500000e+01,4.031338e+04,4.683442e+03,6.351289e-01,3.377702e+00,7.666667e+06,4.831123e-01,4.500000e+01,4.200000e-12,1.299945e-01,1.299945e-01,7.180283e-03,7.180283e-03,9.726170e-03,9.726170e-03,7.799671e-02,2.528804e-02,4.308170e-03,2.337340e-01
7.666667e+06,4.750000e+01,4.040475e+04,4.757572e+03,6.219161e-01,3.333909e+00,7.666667e+06,4.980903e-01,4.750000e+01,4.200000e-12,1.260855e-01,1.260855e-01,6.763231e-03,6.763231e-03,9.957790e-03,9.957790e-03,7.565128e-02,2.589025e-02,4.057938e-03,2.307036e-01
7.666667e+06,5.000000e+01,4.049927e+04,4.828599e+03,6.102655e-01,3.294805e+00,7.666667e+06,5.122425e-01,5.000000e+01,4.200000e-12,1.226020e-01,1.226020e-01,6.391604e-03,6.391604e-03,1.019229e-02,1.019229e-02,7.356120e-02,2.649996e-02,3.834963e-03,2.279977e-01
7.666667e+06,5.250000e+01,4.059671e+04,4.896770e+03,5.999421e-01,3.259697e+00,7.666667e+06,5.256294e-01,5.250000e+01,4.200000e-12,1.194795e-01,1.194795e-01,6.058511e-03,6.058511e-03,1.042935e-02,1.042935e-02,7.168771e-02,2.711630e-02,3.635106e-03,2.255682e-01
7.666667e+06,5.500000e+01,4.069683e+04,4.962333e+03,5.907519e-01,3.228021e+00,7.666667e+06,5.383108e-01,5.500000e+01,4.200000e-12,1.166648e-01,1.166648e-01,5.758272e-03,5.758272e-03,1.066859e-02,1.066859e-02,6.999891e-02,2.773833e-02,3.454963e-03,2.233763e-01
7.666667e+06,5.750000e+01,4.079941e+04,5.025541e+03,5.825327e-01,3.199310e+00,7.666667e+06,5.503464e-01,5.750000e+01,4.200000e-12,1.141135e-01,1.141135e-01,5.486138e-03,5.486138e-03,1.090961e-02,1.090961e-02,6.846809e-02,2.836498e-02,3.291683e-03,2.213895e-01
7.666667e+06,6.000000e+01,4.090421e+04,5.086665e+03,5.751463e-01,3.173179e+00,7.666667e+06,5.617977e-01,6.000000e+01,4.200000e-12,1.117875e-01,1.117875e-01,5.238059e-03,5.238059e-03,1.115190e-02,1.115190e-02,6.707248e-02,2.899493e-02,3.142835e-03,2.195812e-01
7.666667e+06,6.250000e+01,4.101098e+04,5.146014e+03,5.684719e-01,3.149309e+00,7.666667e+06,5.727310e-01,6.250000e+01,4.200000e-12,1.096535e-01,1.096535e-01,5.010476e-03,5.010476e-03,1.139480e-02,1.139480e-02,6.579209e-02,2.962648e-02,3.006285e-03,2.179295e-01
7.666667e+06,6.500000e+01,4.111944e+04,5.203981e+03,5.623990e-01,3.127448e+00,7.666667e+06,5.832234e-01,6.500000e+01,4.200000e-12,1.076808e-01,1.076808e-01,4.800108e-03,4.800108e-03,1.163740e-02,1.163740e-02,6.460846e-02,3.025723e-02,2.880065e-03,2.164167e-01
7.666667e+06,6.750000e+01,4.122919e+04,5.261139e+03,5.568194e-01,3.107412e+00,7.666667e+06,5.933759e-01,6.750000e+01,4.200000e-12,1.058384e-01,1.058384e-01,4.603656e-03,4.603656e-03,1.187822e-02,1.187822e-02,6.350303e-02,3.088337e-02,2.762194e-03,2.150302e-01
7.666667e+06,7.000000e+01,4.133964e+04,5.318496e+03,5.516123e-01,3.089147e+00,7.666667e+06,6.033432e-01,7.000000e+01,4.200000e-12,1.040899e-01,1.040899e-01,4.417233e-03,4.417233e-03,1.211465e-02,1.211465e-02,6.245395e-02,3.149810e-02,2.650340e-03,2.137663e-01
7.666667e+06,7.250000e+01,4.144967e+04,5.378318e+03,5.466108e-01,3.072955e+00,7.666667e+06,6.134259e-01,7.250000e+01,4.200000e-12,1.023790e-01,1.023790e-01,4.234834e-03,4.234834e-03,1.234109e-02,1.234109e-02,6.142742e-02,3.208682e-02,2.540900e-03,2.126458e-01
7.666667e+06,7.500000e+01,4.155596e+04,5.448576e+03,5.414825e-01,3.061049e+00,7.666667e+06,6.244951e-01,7.500000e+01,4.200000e-12,1.005643e-01,1.005643e-01,4.041392e-03,4.041392e-03,1.254035e-02,1.254035e-02,6.033861e-02,3.260491e-02,2.424835e-03,2.118219e-01
7.666667e+06,7.750000e+01,4.162104e+04,5.651384e+03,5.345058e-01,3.103581e+00,7.666667e+06,6.464345e-01,7.750000e+01,4.200000e-12,9.715129e-02,9.715129e-02,3.677652e-03,3.677652e-03,1.251857e-02,1.251857e-02,5.829077e-02,3.254827e-02,2.206591e-03,2.147651e-01
7.666667e+06,8.000000e+01,4.168269e+04,5.793615e+03,5.240575e-01,3.093033e+00,7.666667e+06,6.692926e-01,8.000000e+01,4.200000e-12,9.383332e-02,9.383332e-02,3.324153e-03,3.324153e-03,1.248106e-02,1.248106e-02,5.629999e-02,3.245075e-02,1.994492e-03,2.140352e-01
7.666667e+06,8.250000e+01,4.178154e+04,5.801580e+03,5.149589e-01,3.026567e+00,7.666667e+06,6.823386e-01,8.250000e+01,4.200000e-12,9.203927e-02,9.203927e-02,3.133058e-03,3.133058e-03,1.262500e-02,1.262500e-02,5.522356e-02,3.282501e-02,1.879835e-03,2.094358e-01
7.666667e+06,8.500000e+01,4.189049e+04,5.810986e+03,5.082718e-01,2.974817e+00,7.666667e+06,6.927221e-01,8.500000e+01,4.200000e-12,9.065966e-02,9.065966e-02,2.986137e-03,2.986137e-03,1.281260e-02,1.281260e-02,5.439579e-02,3.331276e-02,1.791682e-03,2.058547e-01
7.833333e+06,2.500000e+01,4.047479e+04,4.065109e+03,8.518110e-01,4.100737e+00,7.833333e+06,3.353279e-01,2.500000e+01,4.200000e-12,1.914111e-01,1.914111e-01,1.329404e-02,1.329404e-02,7.784805e-03,7.784805e-03,1.148467e-01,2.024049e-02,7.976426e-03,2.837675e-01
7.833333e+06,2.750000e+01,4.053034e+04,4.177455e+03,8.056025e-01,3.958305e+00,7.833333e+06,3.597148e-01,2.750000e+01,4.200000e-12,1.784344e-01,1.784344e-01,1.193894e-02,1.193894e-02,7.982736e-03,7.982736e-03,1.070606e-01,2.075511e-02,7.163366e-03,2.739113e-01
7.833333e+06,3.000000e+01,4.059124e+04,4.284171e+03,7.676016e-01,3.840333e+00,7.833333e+06,3.826972e-01,3.000000e+01,4.200000e-12,1.677187e-01,1.677187e-01,1.082000e-02,1.082000e-02,8.185465e-03,8.185465e-03,1.006312e-01,2.128221e-02,6.492001e-03,2.657477e-01
7.833333e+06,3.250000e+01,4.065724e+04,4.385559e+03,7.359141e-01,3.741187e+00,7.833333e+06,4.043422e-01,3.250000e+01,4.200000e-12,1.587405e-01,1.587405e-01,9.882522e-03,9.882522e-03,8.392893e-03,8.392893e-03,9.524431e-02,2.182152e-02,5.929513e-03,2.588869e-01
7.833333e+06,3.500000e+01,4.072807e+04,4.481924e+03,7.091824e-01,3.656827e+00,7.833333e+06,4.247192e-01,3.500000e+01,4.200000e-12,1.511245e-01,1.511245e-01,9.087316e-03,9.087316e-03,8.604855e-03,8.604855e-03,9.067471e-02,2.237262e-02,5.452390e-03,2.530493e-01
7.833333e+06,3.750000e+01,4.080345e+04,4.573570e+03,6.864073e-01,3.584282e+00,7.833333e+06,4.438991e-01,3.750000e+01,4.200000e-12,1.445948e-01,1.445948e-01,8.405561e-03,8.405561e-03,8.821135e-03,8.821135e-03,8.675687e-02,2.293495e-02,5.043337e-03,2.480292e-01
7.833333e+06,4.000000e+01,4.088312e+04,4.660800e+03,6.668373e-01,3.521315e+00,7.833333e+06,4.619528e-01,4.000000e+01,4.200000e-12,1.389438e-01,1.389438e-01,7.815588e-03,7.815588e-03,9.041486e-03,9.041486e-03,8.336630e-02,2.350786e-02,4.689353e-03,2.436720e-01
7.833333e+06,4.250000e+01,4.096681e+04,4.743912e+03,6.498959e-01,3.466215e+00,7.833333e+06,4.789510e-01,4.250000e+01,4.200000e-12,1.340126e-01,1.340126e-01,7.300787e-03,7.300787e-03,9.265636e-03,9.265636e-03,8.040758e-02,2.409065e-02,4.380472e-03,2.398591e-01
7.833333e+06,4.500000e+01,4.105426e+04,4.823197e+03,6.351333e-01,3.417644e+00,7.833333e+06,4.949634e-01,4.500000e+01,4.200000e-12,1.296773e-01,1.296773e-01,6.848214e-03,6.848214e-03,9.493293e-03,9.493293e-03,7.780635e-02,2.468256e-02,4.108928e-03,2.364980e-01
7.833333e+06,4.750000e+01,4.114520e+04,4.898939e+03,6.221936e-01,3.374546e+00,7.833333e+06,5.100579e-01,4.750000e+01,4.200000e-12,1.258396e-01,1.258396e-01,6.447625e-03,6.447625e-03,9.724148e-03,9.724148e-03,7.550377e-02,2.528278e-02,3.868575e-03,2.335157e-01
7.833333e+06,5.000000e+01,4.123938e+04,4.971417e+03,6.107906e-01,3.336076e+00,7.833333e+06,5.243011e-01,5.000000e+01,4.200000e-12,1.224210e-01,1.224210e-01,6.090803e-03,6.090803e-03,9.957874e-03,9.957874e-03,7.345262e-02,2.589047e-02,3.654482e-03,2.308536e-01
7.833333e+06,5.250000e+01,4.133655e+04,5.040904e+03,6.006917e-01,3.301550e+00,7.833333e+06,5.377582e-01,5.250000e+01,4.200000e-12,1.193575e-01,1.193575e-01,5.771063e-03,5.771063e-03,1.019412e-02,1.019412e-02,7.161452e-02,2.650471e-02,3.462638e-03,2.284644e-01
7.833333e+06,5.500000e+01,4.143647e+04,5.107673e+03,5.917047e-01,3.270409e+00,7.833333e+06,5.504935e-01,5.500000e+01,4.200000e-12,1.165963e-01,1.165963e-01,5.482890e-03,5.482890e-03,1.043249e-02,1.043249e-02,6.995776e-02,2.712447e-02,3.289734e-03,2.263094e-01
7.833333e+06,5.750000e+01,4.153889e+04,5.172011e+03,5.836683e-01,3.242191e+00,7.833333e+06,5.625721e-01,5.750000e+01,4.200000e-12,1.140929e-01,1.140929e-01,5.221654e-03,5.221654e-03,1.067252e-02,1.067252e-02,6.845575e-02,2.774856e-02,3.132992e-03,2.243568e-01
7.833333e+06,6.000000e+01,4.164355e+04,5.234228e+03,5.764442e-01,3.216518e+00,7.833333e+06,5.740618e-01,6.000000e+01,4.200000e-12,1.118094e-01,1.118094e-01,4.983373e-03,4.983373e-03,1.091365e-02,1.091365e-02,6.708563e-02,2.837549e-02,2.990024e-03,2.225803e-01
7.833333e+06,6.250000e+01,4.175017e+04,5.294698e+03,5.699097e-01,3.193081e+00,7.833333e+06,5.850384e-01,6.250000e+01,4.200000e-12,1.097116e-01,1.097116e-01,4.764491e-03,4.764491e-03,1.115509e-02,1.115509e-02,6.582695e-02,2.900323e-02,2.858695e-03,2.209585e-01
7.833333e+06,6.500000e+01,4.185838e+04,5.353931e+03,5.639494e-01,3.171645e+00,7.833333e+06,5.955953e-01,6.500000e+01,4.200000e-12,1.077670e-01,1.077670e-01,4.561609e-03,4.561609e-03,1.139566e-02,1.139566e-02,6.466017e-02,2.962872e-02,2.736966e-03,2.194751e-01
7.833333e+06,6.750000e+01,4.196770e+04,5.412752e+03,5.584435e-01,3.152074e+00,7.833333e+06,6.058653e-01,6.750000e+01,4.200000e-12,1.059402e-01,1.059402e-01,4.371042e-03,4.371042e-03,1.163336e-02,1.163336e-02,6.356412e-02,3.024673e-02,2.622625e-03,2.181208e-01
7.833333e+06,7.000000e+01,4.207721e+04,5.472847e+03,5.532420e-01,3.134468e+00,7.833333e+06,6.160830e-01,7.000000e+01,4.200000e-12,1.041832e-01,1.041832e-01,4.187767e-03,4.187767e-03,1.186414e-02,1.186414e-02,6.250991e-02,3.084676e-02,2.512660e-03,2.169025e-01
7.833333e+06,7.250000e+01,4.218474e+04,5.539159e+03,5.480889e-01,3.119919e+00,7.833333e+06,6.268259e-01,7.250000e+01,4.200000e-12,1.023976e-01,1.023976e-01,4.001538e-03,4.001538e-03,1.207726e-02,1.207726e-02,6.143858e-02,3.140088e-02,2.400923e-03,2.158957e-01
7.833333e+06,7.500000e+01,4.227519e+04,5.658724e+03,5.421234e-01,3.126663e+00,7.833333e+06,6.420763e-01,7.500000e+01,4.200000e-12,9.996552e-02,9.996552e-02,3.747918e-03,3.747918e-03,1.219697e-02,1.219697e-02,5.997931e-02,3.171213e-02,2.248751e-03,2.163624e-01
7.833333e+06,7.750000e+01,4.231241e+04,5.907744e+03,5.317175e-01,3.166840e+00,7.833333e+06,6.713779e-01,7.750000e+01,4.200000e-12,9.560262e-02,9.560262e-02,3.293112e-03,3.293112e-03,1.205347e-02,1.205347e-02,5.736157e-02,3.133902e-02,1.975867e-03,2.191426e-01
7.833333e+06,8.000000e+01,4.240760e+04,5.916626e+03,5.217924e-01,3.095563e+00,7.833333e+06,6.853899e-01,8.000000e+01,4.200000e-12,9.364814e-02,9.364814e-02,3.089426e-03,3.089426e-03,1.218792e-02,1.218792e-02,5.618888e-02,3.168860e-02,1.853655e-03,2.142103e-01
7.833333e+06,8.250000e+01,4.251376e+04,5.925024e+03,5.144228e-01,3.039116e+00,7.833333e+06,6.965103e-01,8.250000e+01,4.200000e-12,9.215297e-02,9.215297e-02,2.933642e-03,2.933642e-03,1.236812e-02,1.236812e-02,5.529178e-02,3.215712e-02,1.760185e-03,2.103042e-01
7.833333e+06,8.500000e+01,4.263166e+04,5.935797e+03,5.096916e-01,2.999020e+00,7.833333e+06,7.045342e-01,8.500000e+01,4.200000e-12,9.110344e-02,9.110344e-02,2.824310e-03,2.824310e-03,1.259779e-02,1.259779e-02,5.466206e-02,3.275425e-02,1.694586e-03,2.075296e-01
8.000000e+06,2.500000e+01,4.122529e+04,4.184230e+03,8.486363e-01,4.132580e+00,8.000000e+06,3.446383e-01,2.500000e+01,4.200000e-12,1.902546e-01,1.902546e-01,1.275406e-02,1.275406e-02,7.574499e-03,7.574499e-03,1.141528e-01,1.969370e-02,7.652436e-03,2.859710e-01
8.000000e+06,2.750000e+01,4.127902e+04,4.300433e+03,8.031083e-01,3.991833e+00,8.000000e+06,3.695058e-01,2.750000e+01,4.200000e-12,1.774506e-01,1.774506e-01,1.144523e-02,1.144523e-02,7.771214e-03,7.771214e-03,1.064704e-01,2.020516e-02,6.867139e-03,2.762314e-01
8.000000e+06,3.000000e+01,4.133836e+04,4.410614e+03,7.656917e-01,3.875312e+00,8.000000e+06,3.929015e-01,3.000000e+01,4.200000e-12,1.668842e-01,1.668842e-01,1.036517e-02,1.036517e-02,7.972876e-03,7.972876e-03,1.001305e-01,2.072948e-02,6.219100e-03,2.681682e-01
8.000000e+06,3.250000e+01,4.140302e+04,4.515104e+03,7.345130e-01,3.777431e+00,8.000000e+06,4.148981e-01,3.250000e+01,4.200000e-12,1.580365e-01,1.580365e-01,9.460827e-03,9.460827e-03,8.179360e-03,8.179360e-03,9.482188e-02,2.126634e-02,5.676496e-03,2.613950e-01
8.000000e+06,3.500000e+01,4.147272e+04,4.614239e+03,7.082290e-01,3.694188e+00,8.000000e+06,4.355709e-01,3.500000e+01,4.200000e-12,1.505359e-01,1.505359e-01,8.694212e-03,8.694212e-03,8.390476e-03,8.390476e-03,9.032151e-02,2.181524e-02,5.216527e-03,2.556346e-01
8.000000e+06,3.750000e+01,4.154718e+04,4.708355e+03,6.858514e-01,3.622637e+00,8.000000e+06,4.549963e-01,3.750000e+01,4.200000e-12,1.441089e-01,1.441089e-01,8.037372e-03,8.037372e-03,8.605990e-03,8.605990e-03,8.646537e-02,2.237557e-02,4.822423e-03,2.506834e-01
8.000000e+06,4.000000e+01,4.162609e+04,4.797785e+03,6.666365e-01,3.560562e+00,8.000000e+06,4.732510e-01,4.000000e+01,4.200000e-12,1.385502e-01,1.385502e-01,7.469293e-03,7.469293e-03,8.825633e-03,8.825633e-03,8.313013e-02,2.294664e-02,4.481576e-03,2.463878e-01
8.000000e+06,4.250000e+01,4.170917e+04,4.882856e+03,6.500141e-01,3.506265e+00,8.000000e+06,4.904112e-01,4.250000e+01,4.200000e-12,1.337022e-01,1.337022e-01,6.973870e-03,6.973870e-03,9.049112e-03,9.049112e-03,8.022129e-02,2.352769e-02,4.184322e-03,2.426305e-01
8.000000e+06,4.500000e+01,4.179614e+04,4.963889e+03,6.355393e-01,3.458422e+00,8.000000e+06,5.065516e-01,4.500000e+01,4.200000e-12,1.294420e-01,1.294420e-01,6.538550e-03,6.538550e-03,9.276117e-03,9.276117e-03,7.766518e-02,2.411790e-02,3.923130e-03,2.393198e-01
8.000000e+06,4.750000e+01,4.188670e+04,5.041193e+03,6.228597e-01,3.415986e+00,8.000000e+06,5.217453e-01,4.750000e+01,4.200000e-12,1.256725e-01,1.256725e-01,6.153400e-03,6.153400e-03,9.506321e-03,9.506321e-03,7.540350e-02,2.471644e-02,3.692040e-03,2.363833e-01
8.000000e+06,5.000000e+01,4.198061e+04,5.115074e+03,6.116924e-01,3.378121e+00,8.000000e+06,5.360636e-01,5.000000e+01,4.200000e-12,1.223158e-01,1.223158e-01,5.810447e-03,5.810447e-03,9.739376e-03,9.739376e-03,7.338947e-02,2.532238e-02,3.486268e-03,2.337631e-01
8.000000e+06,5.250000e+01,4.207757e+04,5.185832e+03,6.018067e-01,3.344149e+00,8.000000e+06,5.495764e-01,5.250000e+01,4.200000e-12,1.193083e-01,1.193083e-01,5.503201e-03,5.503201e-03,9.974903e-03,9.974903e-03,7.158500e-02,2.593475e-02,3.301921e-03,2.314122e-01
8.000000e+06,5.500000e+01,4.217734e+04,5.253772e+03,5.930120e-01,3.313516e+00,8.000000e+06,5.623531e-01,5.500000e+01,4.200000e-12,1.165976e-01,1.165976e-01,5.226294e-03,5.226294e-03,1.021248e-02,1.021248e-02,6.995858e-02,2.655244e-02,3.135776e-03,2.292924e-01
8.000000e+06,5.750000e+01,4.227965e+04,5.319215e+03,5.851475e-01,3.285768e+00,8.000000e+06,5.744647e-01,5.750000e+01,4.200000e-12,1.141394e-01,1.141394e-01,4.975195e-03,4.975195e-03,1.045158e-02,1.045158e-02,6.848362e-02,2.717411e-02,2.985117e-03,2.273723e-01
8.000000e+06,6.000000e+01,4.238419e+04,5.382527e+03,5.780739e-01,3.260534e+00,8.000000e+06,5.859869e-01,6.000000e+01,4.200000e-12,1.118950e-01,1.118950e-01,4.745968e-03,4.745968e-03,1.069155e-02,1.069155e-02,6.713703e-02,2.779804e-02,2.847581e-03,2.256262e-01
8.000000e+06,6.250000e+01,4.249065e+04,5.444170e+03,5.716656e-01,3.237519e+00,8.000000e+06,5.970081e-01,6.250000e+01,4.200000e-12,1.098294e-01,1.098294e-01,4.535009e-03,4.535009e-03,1.093144e-02,1.093144e-02,6.589764e-02,2.842173e-02,2.721005e-03,2.240335e-01
8.000000e+06,6.500000e+01,4.259857e+04,5.504833e+03,5.657990e-01,3.216515e+00,8.000000e+06,6.076448e-01,6.500000e+01,4.200000e-12,1.079069e-01,1.079069e-01,4.338684e-03,4.338684e-03,1.116969e-02,1.116969e-02,6.474411e-02,2.904119e-02,2.603210e-03,2.225801e-01
8.000000e+06,6.750000e+01,4.270724e+04,5.565788e+03,5.603345e-01,3.197478e+00,8.000000e+06,6.180836e-01,6.750000e+01,4.200000e-12,1.060844e-01,1.060844e-01,4.152599e-03,4.152599e-03,1.140339e-02,1.140339e-02,6.365064e-02,2.964881e-02,2.491560e-03,2.212627e-01
8.000000e+06,7.000000e+01,4.281517e+04,5.630226e+03,5.550663e-01,3.180903e+00,8.000000e+06,6.287221e-01,7.000000e+01,4.200000e-12,1.042894e-01,1.042894e-01,3.969336e-03,3.969336e-03,1.162564e-02,1.162564e-02,6.257363e-02,3.022666e-02,2.381601e-03,2.201157e-01
8.000000e+06,7.250000e+01,4.291659e+04,5.713555e+03,5.494998e-01,3.171536e+00,8.000000e+06,6.410801e-01,7.250000e+01,4.200000e-12,1.022790e-01,1.022790e-01,3.764115e-03,3.764115e-03,1.180873e-02,1.180873e-02,6.136740e-02,3.070269e-02,2.258469e-03,2.194676e-01
8.000000e+06,7.500000e+01,4.295527e+04,5.984252e+03,5.402147e-01,3.228098e+00,8.000000e+06,6.699939e-01,7.500000e+01,4.200000e-12,9.786512e-02,9.786512e-02,3.313695e-03,3.313695e-03,1.168874e-02,1.168874e-02,5.871907e-02,3.039073e-02,1.988217e-03,2.233816e-01
8.000000e+06,7.750000e+01,4.303741e+04,6.032554e+03,5.293906e-01,3.169072e+00,8.000000e+06,6.874517e-01,7.750000e+01,4.200000e-12,9.537985e-02,9.537985e-02,3.060166e-03,3.060166e-03,1.177164e-02,1.177164e-02,5.722791e-02,3.060626e-02,1.836100e-03,2.192971e-01
8.000000e+06,8.000000e+01,4.314008e+04,6.039791e+03,5.211559e-01,3.106740e+00,8.000000e+06,6.994965e-01,8.000000e+01,4.200000e-12,9.373747e-02,9.373747e-02,2.892665e-03,2.892665e-03,1.194213e-02,1.194213e-02,5.624248e-02,3.104954e-02,1.735599e-03,2.149838e-01
8.000000e+06,8.250000e+01,4.325517e+04,6.049499e+03,5.157595e-01,3.062125e+00,8.000000e+06,7.082638e-01,8.250000e+01,4.200000e-12,9.257714e-02,9.257714e-02,2.774351e-03,2.774351e-03,1.216288e-02,1.216288e-02,5.554628e-02,3.162348e-02,1.664611e-03,2.118964e-01
8.000000e+06,8.500000e+01,4.338193e+04,6.062158e+03,5.129020e-01,3.033485e+00,8.000000e+06,7.139489e-01,8.500000e+01,4.200000e-12,9.183995e-02,9.183995e-02,2.699193e-03,2.699193e-03,1.243166e-02,1.243166e-02,5.510397e-02,3.232232e-02,1.619516e-03,2.099146e-01
8.166667e+06,2.500000e+01,4.197618e+04,4.304519e+03,8.459929e-01,4.165613e+00,8.166667e+06,3.538465e-01,2.500000e+01,4.200000e-12,1.892136e-01,1.892136e-01,1.224796e-02,1.224796e-02,7.377386e-03,7.377386e-03,1.135282e-01,1.918120e-02,7.348776e-03,2.882568e-01
8.166667e+06,2.750000e+01,4.202816e+04,4.424576e+03,8.011126e-01,4.026467e+00,8.166667e+06,3.791748e-01,2.750000e+01,4.200000e-12,1.765744e-01,1.765744e-01,1.098269e-02,1.098269e-02,7.573046e-03,7.573046e-03,1.059447e-01,1.968992e-02,6.589617e-03,2.786281e-01
8.166667e+06,3.000000e+01,4.208601e+04,4.538204e+03,7.642531e-01,3.911326e+00,8.166667e+06,4.029635e-01,3.000000e+01,4.200000e-12,1.661505e-01,1.661505e-01,9.939234e-03,9.939234e-03,7.773792e-03,7.773792e-03,9.969028e-02,2.021186e-02,5.963540e-03,2.706604e-01
8.166667e+06,3.250000e+01,4.214942e+04,4.645766e+03,7.335598e-01,3.814651e+00,8.166667e+06,4.252912e-01,3.250000e+01,4.200000e-12,1.574276e-01,1.574276e-01,9.066099e-03,9.066099e-03,7.979476e-03,7.979476e-03,9.445657e-02,2.074664e-02,5.439660e-03,2.639706e-01
8.166667e+06,3.500000e+01,4.221808e+04,4.747633e+03,7.077035e-01,3.732473e+00,8.166667e+06,4.462391e-01,3.500000e+01,4.200000e-12,1.500375e-01,1.500375e-01,8.326402e-03,8.326402e-03,8.189886e-03,8.189886e-03,9.002248e-02,2.129370e-02,4.995841e-03,2.582839e-01
8.166667e+06,3.750000e+01,4.229169e+04,4.844175e+03,6.857056e-01,3.661871e+00,8.166667e+06,4.658898e-01,3.750000e+01,4.200000e-12,1.437091e-01,1.437091e-01,7.693014e-03,7.693014e-03,8.404764e-03,8.404764e-03,8.622543e-02,2.185239e-02,4.615808e-03,2.533983e-01
8.166667e+06,4.000000e+01,4.236992e+04,4.935756e+03,6.668301e-01,3.600646e+00,8.166667e+06,4.843260e-01,4.000000e+01,4.200000e-12,1.382387e-01,1.382387e-01,7.145536e-03,7.145536e-03,8.623820e-03,8.623820e-03,8.294321e-02,2.242193e-02,4.287322e-03,2.491616e-01
8.166667e+06,4.250000e+01,4.245246e+04,5.022736e+03,6.505126e-01,3.547116e+00,8.166667e+06,5.016294e-01,4.250000e+01,4.200000e-12,1.334702e-01,1.334702e-01,6.668338e-03,6.668338e-03,8.846743e-03,8.846743e-03,8.008213e-02,2.300153e-02,4.001003e-03,2.454574e-01
8.166667e+06,4.500000e+01,4.253901e+04,5.105463e+03,6.363127e-01,3.499967e+00,8.166667e+06,5.178802e-01,4.500000e+01,4.200000e-12,1.292820e-01,1.292820e-01,6.249236e-03,6.249236e-03,9.073204e-03,9.073204e-03,7.756920e-02,2.359033e-02,3.749542e-03,2.421947e-01
8.166667e+06,4.750000e+01,4.262927e+04,5.184278e+03,6.238815e-01,3.458164e+00,8.166667e+06,5.331566e-01,4.750000e+01,4.200000e-12,1.255777e-01,1.255777e-01,5.878587e-03,5.878587e-03,9.302855e-03,9.302855e-03,7.534662e-02,2.418742e-02,3.527152e-03,2.393020e-01
8.166667e+06,5.000000e+01,4.272295e+04,5.259514e+03,6.129386e-01,3.420875e+00,8.166667e+06,5.475350e-01,5.000000e+01,4.200000e-12,1.222800e-01,1.222800e-01,5.548647e-03,5.548647e-03,9.535327e-03,9.535327e-03,7.336801e-02,2.479185e-02,3.329188e-03,2.367216e-01
8.166667e+06,5.250000e+01,4.281976e+04,5.331502e+03,6.032556e-01,3.387431e+00,8.166667e+06,5.610902e-01,5.250000e+01,4.200000e-12,1.193259e-01,1.193259e-01,5.253105e-03,5.253105e-03,9.770213e-03,9.770213e-03,7.159552e-02,2.540255e-02,3.151863e-03,2.344073e-01
8.166667e+06,5.500000e+01,4.291942e+04,5.400581e+03,5.946428e-01,3.357283e+00,8.166667e+06,5.738973e-01,5.500000e+01,4.200000e-12,1.166630e-01,1.166630e-01,4.986724e-03,4.986724e-03,1.000705e-02,1.000705e-02,6.999779e-02,2.601832e-02,2.992034e-03,2.323211e-01
8.166667e+06,5.750000e+01,4.302163e+04,5.467116e+03,5.869394e-01,3.329985e+00,8.166667e+06,5.860340e-01,5.750000e+01,4.200000e-12,1.142469e-01,1.142469e-01,4.745055e-03,4.745055e-03,1.024525e-02,1.024525e-02,6.854815e-02,2.663764e-02,2.847033e-03,2.304321e-01
8.166667e+06,6.000000e+01,4.312607e+04,5.531543e+03,5.800045e-01,3.305175e+00,8.166667e+06,5.975860e-01,6.000000e+01,4.200000e-12,1.120384e-01,1.120384e-01,4.524167e-03,4.524167e-03,1.048403e-02,1.048403e-02,6.722305e-02,2.725848e-02,2.714500e-03,2.287153e-01
8.166667e+06,6.250000e+01,4.323234e+04,5.594452e+03,5.737070e-01,3.282576e+00,8.166667e+06,6.086585e-01,6.250000e+01,4.200000e-12,1.100002e-01,1.100002e-01,4.320337e-03,4.320337e-03,1.072220e-02,1.072220e-02,6.600014e-02,2.787771e-02,2.592202e-03,2.271514e-01
8.166667e+06,6.500000e+01,4.333985e+04,5.656827e+03,5.679106e-01,3.262035e+00,8.166667e+06,6.194045e-01,6.500000e+01,4.200000e-12,1.080918e-01,1.080918e-01,4.129506e-03,4.129506e-03,1.095762e-02,1.095762e-02,6.485511e-02,2.848982e-02,2.477704e-03,2.257300e-01
8.166667e+06,6.750000e+01,4.344753e+04,5.720814e+03,5.624403e-01,3.243707e+00,8.166667e+06,6.301086e-01,6.750000e+01,4.200000e-12,1.062556e-01,1.062556e-01,3.945913e-03,3.945913e-03,1.118577e-02,1.118577e-02,6.375337e-02,2.908300e-02,2.367548e-03,2.244617e-01
8.166667e+06,7.000000e+01,4.355232e+04,5.793809e+03,5.569665e-01,3.229356e+00,8.166667e+06,6.415780e-01,7.000000e+01,4.200000e-12,1.043561e-01,1.043561e-01,3.756017e-03,3.756017e-03,1.139268e-02,1.139268e-02,6.261366e-02,2.962098e-02,2.253610e-03,2.234687e-01
8.166667e+06,7.250000e+01,4.360699e+04,6.036693e+03,5.494467e-01,3.282565e+00,8.166667e+06,6.662732e-01,7.250000e+01,4.200000e-12,1.004882e-01,1.004882e-01,3.369455e-03,3.369455e-03,1.136222e-02,1.136222e-02,6.029291e-02,2.954177e-02,2.021673e-03,2.271507e-01
8.166667e+06,7.500000e+01,4.367128e+04,6.149488e+03,5.378512e-01,3.247841e+00,8.166667e+06,6.884421e-01,7.500000e+01,4.200000e-12,9.725231e-02,9.725231e-02,3.046177e-03,3.046177e-03,1.137552e-02,1.137552e-02,5.835138e-02,2.957635e-02,1.827706e-03,2.247478e-01
8.166667e+06,7.750000e+01,4.376974e+04,6.155432e+03,5.285564e-01,3.178343e+00,8.166667e+06,7.016003e-01,7.750000e+01,4.200000e-12,9.542838e-02,9.542838e-02,2.864011e-03,2.864011e-03,1.153425e-02,1.153425e-02,5.725703e-02,2.998905e-02,1.718407e-03,2.199386e-01
8.166667e+06,8.000000e+01,4.388118e+04,6.163841e+03,5.222942e-01,3.127884e+00,8.166667e+06,7.113305e-01,8.000000e+01,4.200000e-12,9.412302e-02,9.412302e-02,2.733669e-03,2.733669e-03,1.174346e-02,1.174346e-02,5.647381e-02,3.053299e-02,1.640201e-03,2.164469e-01
8.166667e+06,8.250000e+01,4.400539e+04,6.175483e+03,5.188457e-01,3.095262e+00,8.166667e+06,7.176912e-01,8.250000e+01,4.200000e-12,9.328884e-02,9.328884e-02,2.650387e-03,2.650387e-03,1.200311e-02,1.200311e-02,5.597330e-02,3.120808e-02,1.590232e-03,2.141894e-01
8.166667e+06,8.500000e+01,4.413942e+04,6.190014e+03,5.175005e-01,3.076059e+00,8.166667e+06,7.214574e-01,8.500000e+01,4.200000e-12,9.280185e-02,9.280185e-02,2.601771e-03,2.601771e-03,1.230228e-02,1.230228e-02,5.568111e-02,3.198593e-02,1.561063e-03,2.128606e-01
8.333333e+06,2.500000e+01,4.272746e+04,4.425948e+03,8.438368e-01,4.199739e+00,8.333333e+06,3.629519e-01,2.500000e+01,4.200000e-12,1.882787e-01,1.882787e-01,1.177277e-02,1.177277e-02,7.192309e-03,7.192309e-03,1.129672e-01,1.870000e-02,7.063661e-03,2.906183e-01
8.333333e+06,2.750000e+01,4.277777e+04,4.549850e+03,7.995743e-01,4.062118e+00,8.333333e+06,3.887216e-01,2.750000e+01,4.200000e-12,1.757971e-01,1.757971e-01,1.054859e-02,1.054859e-02,7.387057e-03,7.387057e-03,1.054783e-01,1.920635e-02,6.329156e-03,2.810951e-01
8.333333e+06,3.000000e+01,4.283420e+04,4.666901e+03,7.632469e-01,3.948293e+00,8.333333e+06,4.128831e-01,3.000000e+01,4.200000e-12,1.655096e-01,1.655096e-01,9.539663e-03,9.539663e-03,7.587026e-03,7.587026e-03,9.930577e-02,1.972627e-02,5.723798e-03,2.732185e-01
8.333333e+06,3.250000e+01,4.289644e+04,4.777503e+03,7.330180e-01,3.852769e+00,8.333333e+06,4.355214e-01,3.250000e+01,4.200000e-12,1.569065e-01,1.569065e-01,8.695963e-03,8.695963e-03,7.792041e-03,7.792041e-03,9.414387e-02,2.025931e-02,5.217578e-03,2.666083e-01
8.333333e+06,3.500000e+01,4.296414e+04,4.882061e+03,7.075708e-01,3.771608e+00,8.333333e+06,4.567243e-01,3.500000e+01,4.200000e-12,1.496223e-01,1.496223e-01,7.981654e-03,7.981654e-03,8.001867e-03,8.001867e-03,8.977336e-02,2.080485e-02,4.788993e-03,2.609920e-01
8.333333e+06,3.750000e+01,4.303697e+04,4.980981e+03,6.859365e-01,3.701912e+00,8.333333e+06,4.765806e-01,3.750000e+01,4.200000e-12,1.433884e-01,1.433884e-01,7.370378e-03,7.370378e-03,8.216224e-03,8.216224e-03,8.603303e-02,2.136218e-02,4.422227e-03,2.561691e-01
8.333333e+06,4.000000e+01,4.311458e+04,5.074662e+03,6.673861e-01,3.641501e+00,8.333333e+06,4.951793e-01,4.000000e+01,4.200000e-12,1.380028e-01,1.380028e-01,6.842319e-03,6.842319e-03,8.434802e-03,8.434802e-03,8.280167e-02,2.193049e-02,4.105392e-03,2.519887e-01
8.333333e+06,4.250000e+01,4.319666e+04,5.163497e+03,6.513604e-01,3.588704e+00,8.333333e+06,5.126080e-01,4.250000e+01,4.200000e-12,1.333107e-01,1.333107e-01,6.382291e-03,6.382291e-03,8.657270e-03,8.657270e-03,7.998641e-02,2.250890e-02,3.829374e-03,2.483352e-01
8.333333e+06,4.500000e+01,4.328286e+04,5.247867e+03,6.374234e-01,3.542220e+00,8.333333e+06,5.289524e-01,4.500000e+01,4.200000e-12,1.291914e-01,1.291914e-01,5.978456e-03,5.978456e-03,8.883279e-03,8.883279e-03,7.751486e-02,2.309653e-02,3.587074e-03,2.451186e-01
8.333333e+06,4.750000e+01,4.337287e+04,5.328143e+03,6.252294e-01,3.501020e+00,8.333333e+06,5.442962e-01,4.750000e+01,4.200000e-12,1.255495e-01,1.255495e-01,5.621447e-03,5.621447e-03,9.112462e-03,9.112462e-03,7.532971e-02,2.369240e-02,3.372868e-03,2.422676e-01
8.333333e+06,5.000000e+01,4.346638e+04,5.404689e+03,6.145007e-01,3.464283e+00,8.333333e+06,5.587208e-01,5.000000e+01,4.200000e-12,1.223082e-01,1.223082e-01,5.303733e-03,5.303733e-03,9.344425e-03,9.344425e-03,7.338491e-02,2.429551e-02,3.182240e-03,2.397254e-01
8.333333e+06,5.250000e+01,4.356308e+04,5.477868e+03,6.050103e-01,3.431343e+00,8.333333e+06,5.723066e-01,5.250000e+01,4.200000e-12,1.194048e-01,1.194048e-01,5.019166e-03,5.019166e-03,9.578732e-03,9.578732e-03,7.164285e-02,2.490470e-02,3.011499e-03,2.374459e-01
8.333333e+06,5.500000e+01,4.366267e+04,5.548059e+03,5.965693e-01,3.401659e+00,8.333333e+06,5.851346e-01,5.500000e+01,4.200000e-12,1.167870e-01,1.167870e-01,4.762624e-03,4.762624e-03,9.814865e-03,9.814865e-03,7.007221e-02,2.551865e-02,2.857574e-03,2.353919e-01
8.333333e+06,5.750000e+01,4.376482e+04,5.615683e+03,5.890164e-01,3.374793e+00,8.333333e+06,5.972906e-01,5.750000e+01,4.200000e-12,1.144102e-01,1.144102e-01,4.529712e-03,4.529712e-03,1.005216e-02,1.005216e-02,6.864610e-02,2.613563e-02,2.717827e-03,2.335328e-01
8.333333e+06,6.000000e+01,4.386915e+04,5.681270e+03,5.822075e-01,3.350395e+00,8.333333e+06,6.088732e-01,6.000000e+01,4.200000e-12,1.122337e-01,1.122337e-01,4.316463e-03,4.316463e-03,1.028968e-02,1.028968e-02,6.734025e-02,2.675316e-02,2.589878e-03,2.318444e-01
8.333333e+06,6.250000e+01,4.397517e+04,5.745607e+03,5.760031e-01,3.328220e+00,8.333333e+06,6.200125e-01,6.250000e+01,4.200000e-12,1.102173e-01,1.102173e-01,4.118914e-03,4.118914e-03,1.052585e-02,1.052585e-02,6.613041e-02,2.736720e-02,2.471348e-03,2.303100e-01
8.333333e+06,6.500000e+01,4.408207e+04,5.810199e+03,5.702450e-01,3.308220e+00,8.333333e+06,6.309213e-01,6.500000e+01,4.200000e-12,1.083116e-01,1.083116e-01,3.932233e-03,3.932233e-03,1.075760e-02,1.075760e-02,6.498699e-02,2.796977e-02,2.359340e-03,2.289259e-01
8.333333e+06,6.750000e+01,4.418801e+04,5.879158e+03,5.646900e-01,3.291062e+00,8.333333e+06,6.420880e-01,6.750000e+01,4.200000e-12,1.064280e-01,1.064280e-01,3.747735e-03,3.747735e-03,1.097708e-02,1.097708e-02,6.385678e-02,2.854040e-02,2.248641e-03,2.277387e-01
8.333333e+06,7.000000e+01,4.428296e+04,5.982309e+03,5.586278e-01,3.286782e+00,8.333333e+06,6.561557e-01,7.000000e+01,4.200000e-12,1.041462e-01,1.041462e-01,3.524287e-03,3.524287e-03,1.113957e-02,1.113957e-02,6.248773e-02,2.896289e-02,2.114572e-03,2.274425e-01
8.333333e+06,7.250000e+01,4.430958e+04,6.267549e+03,5.472954e-01,3.332766e+00,8.333333e+06,6.882637e-01,7.250000e+01,4.200000e-12,9.928771e-02,9.928771e-02,3.048700e-03,3.048700e-03,1.099919e-02,1.099919e-02,5.957263e-02,2.859789e-02,1.829220e-03,2.306245e-01
8.333333e+06,7.500000e+01,4.440315e+04,6.272114e+03,5.367391e-01,3.254772e+00,8.333333e+06,7.027134e-01,7.500000e+01,4.200000e-12,9.724609e-02,9.724609e-02,2.848924e-03,2.848924e-03,1.114450e-02,1.114450e-02,5.834765e-02,2.897569e-02,1.709354e-03,2.252274e-01
8.333333e+06,7.750000e+01,4.451006e+04,6.278994e+03,5.293864e-01,3.196974e+00,8.333333e+06,7.136421e-01,7.750000e+01,4.200000e-12,9.575686e-02,9.575686e-02,2.703239e-03,2.703239e-03,1.133962e-02,1.133962e-02,5.745411e-02,2.948302e-02,1.621943e-03,2.212279e-01
8.333333e+06,8.000000e+01,4.463085e+04,6.289327e+03,5.251467e-01,3.159030e+00,8.333333e+06,7.209062e-01,8.000000e+01,4.200000e-12,9.479198e-02,9.479198e-02,2.608868e-03,2.608868e-03,1.158747e-02,1.158747e-02,5.687519e-02,3.012742e-02,1.565321e-03,2.186022e-01
8.333333e+06,8.250000e+01,4.476283e+04,6.302997e+03,5.233308e-01,3.136669e+00,8.333333e+06,7.252153e-01,8.250000e+01,4.200000e-12,9.422875e-02,9.422875e-02,2.553785e-03,2.553785e-03,1.187858e-02,1.187858e-02,5.653725e-02,3.088430e-02,1.532271e-03,2.170548e-01
8.333333e+06,8.500000e+01,4.490200e+04,6.319024e+03,5.230466e-01,3.124200e+00,8.333333e+06,7.276251e-01,8.500000e+01,4.200000e-12,9.391667e-02,9.391667e-02,2.523263e-03,2.523263e-03,1.219800e-02,1.219800e-02,5.635000e-02,3.171481e-02,1.513958e-03,2.161920e-01
8.500000e+06,2.500000e+01,4.347914e+04,4.548486e+03,8.421289e-01,4.234873e+00,8.500000e+06,3.719540e-01,2.500000e+01,4.200000e-12,1.874416e-01,1.874416e-01,1.132585e-02,1.132585e-02,7.018240e-03,7.018240e-03,1.124650e-01,1.824742e-02,6.795508e-03,2.930495e-01
8.500000e+06,2.750000e+01,4.352785e+04,4.676220e+03,7.984571e-01,4.098706e+00,8.500000e+06,3.981455e-01,2.750000e+01,4.200000e-12,1.751110e-01,1.751110e-01,1.014050e-02,1.014050e-02,7.212209e-03,7.212209e-03,1.050666e-01,1.875174e-02,6.084300e-03,2.836269e-01
8.500000e+06,3.000000e+01,4.358294e+04,4.796669e+03,7.626389e-01,3.986138e+00,8.500000e+06,4.226600e-01,3.000000e+01,4.200000e-12,1.649545e-01,1.649545e-01,9.164200e-03,9.164200e-03,7.411524e-03,7.411524e-03,9.897270e-02,1.926996e-02,5.498520e-03,2.758373e-01
8.500000e+06,3.250000e+01,4.364408e+04,4.910273e+03,7.328548e-01,3.891715e+00,8.500000e+06,4.455891e-01,3.250000e+01,4.200000e-12,1.564663e-01,1.564663e-01,8.348313e-03,8.348313e-03,7.615988e-03,7.615988e-03,9.387977e-02,1.980157e-02,5.008988e-03,2.693033e-01
8.500000e+06,3.500000e+01,4.371089e+04,5.017477e+03,7.078000e-01,3.811528e+00,8.500000e+06,4.670272e-01,3.500000e+01,4.200000e-12,1.492839e-01,1.492839e-01,7.657988e-03,7.657988e-03,7.825341e-03,7.825341e-03,8.957037e-02,2.034589e-02,4.594793e-03,2.637544e-01
8.500000e+06,3.750000e+01,4.378302e+04,5.118725e+03,6.865144e-01,3.742700e+00,8.500000e+06,4.870702e-01,3.750000e+01,4.200000e-12,1.431409e-01,1.431409e-01,7.067597e-03,7.067597e-03,8.039280e-03,8.039280e-03,8.588455e-02,2.090213e-02,4.240558e-03,2.589916e-01
8.500000e+06,4.000000e+01,4.386009e+04,5.214455e+03,6.682756e-01,3.683067e+00,8.500000e+06,5.058131e-01,4.000000e+01,4.200000e-12,1.378368e-01,1.378368e-01,6.557869e-03,6.557869e-03,8.257476e-03,8.257476e-03,8.270209e-02,2.146944e-02,3.934721e-03,2.548651e-01
8.500000e+06,4.250000e+01,4.394176e+04,5.305092e+03,6.525297e-01,3.630973e+00,8.500000e+06,5.233499e-01,4.250000e+01,4.200000e-12,1.332181e-01,1.332181e-01,6.114039e-03,6.114039e-03,8.479577e-03,8.479577e-03,7.993084e-02,2.204690e-02,3.668423e-03,2.512602e-01
8.500000e+06,4.500000e+01,4.402767e+04,5.391052e+03,6.388445e-01,3.585124e+00,8.500000e+06,5.397722e-01,4.500000e+01,4.200000e-12,1.291650e-01,1.291650e-01,5.724599e-03,5.724599e-03,8.705214e-03,8.705214e-03,7.749900e-02,2.263356e-02,3.434760e-03,2.480875e-01
8.500000e+06,4.750000e+01,4.411749e+04,5.472739e+03,6.268774e-01,3.544503e+00,8.500000e+06,5.551688e-01,4.750000e+01,4.200000e-12,1.255828e-01,1.255828e-01,5.380437e-03,5.380437e-03,8.934001e-03,8.934001e-03,7.534970e-02,2.322840e-02,3.228262e-03,2.452765e-01
8.500000e+06,5.000000e+01,4.421088e+04,5.550550e+03,6.163530e-01,3.508292e+00,8.500000e+06,5.696269e-01,5.000000e+01,4.200000e-12,1.223953e-01,1.223953e-01,5.074221e-03,5.074221e-03,9.165517e-03,9.165517e-03,7.343720e-02,2.383034e-02,3.044533e-03,2.427708e-01
8.500000e+06,5.250000e+01,4.430751e+04,5.624884e+03,6.070457e-01,3.475835e+00,8.500000e+06,5.832325e-01,5.250000e+01,4.200000e-12,1.195401e-01,1.195401e-01,4.799953e-03,4.799953e-03,9.399290e-03,9.399290e-03,7.172406e-02,2.443815e-02,2.879972e-03,2.405248e-01
8.500000e+06,5.500000e+01,4.440706e+04,5.696168e+03,5.987668e-01,3.446597e+00,8.500000e+06,5.960736e-01,5.500000e+01,4.200000e-12,1.169649e-01,1.169649e-01,4.552606e-03,4.552606e-03,9.634745e-03,9.634745e-03,7.017892e-02,2.505034e-02,2.731563e-03,2.385015e-01
8.500000e+06,5.750000e+01,4.450915e+04,5.764895e+03,5.913534e-01,3.420147e+00,8.500000e+06,6.082459e-01,5.750000e+01,4.200000e-12,1.146241e-01,1.146241e-01,4.327808e-03,4.327808e-03,9.871111e-03,9.871111e-03,6.877449e-02,2.566489e-02,2.596685e-03,2.366712e-01
8.500000e+06,6.000000e+01,4.461335e+04,5.831727e+03,5.846566e-01,3.396157e+00,8.500000e+06,6.198653e-01,6.000000e+01,4.200000e-12,1.124755e-01,1.124755e-01,4.121482e-03,4.121482e-03,1.010721e-02,1.010721e-02,6.748531e-02,2.627875e-02,2.472889e-03,2.350112e-01
8.500000e+06,6.250000e+01,4.471902e+04,5.897771e+03,5.785232e-01,3.374438e+00,8.500000e+06,6.310995e-01,6.250000e+01,4.200000e-12,1.104733e-01,1.104733e-01,3.929242e-03,3.929242e-03,1.034093e-02,1.034093e-02,6.628400e-02,2.688642e-02,2.357545e-03,2.335082e-01
8.500000e+06,6.500000e+01,4.482494e+04,5.965537e+03,5.727562e-01,3.355164e+00,8.500000e+06,6.422708e-01,6.500000e+01,4.200000e-12,1.085518e-01,1.085518e-01,3.744772e-03,3.744772e-03,1.056751e-02,1.056751e-02,6.513110e-02,2.747552e-02,2.246863e-03,2.321745e-01
8.500000e+06,6.750000e+01,4.492722e+04,6.044926e+03,5.669581e-01,3.340766e+00,8.500000e+06,6.544044e-01,6.750000e+01,4.200000e-12,1.065391e-01,1.065391e-01,3.551579e-03,3.551579e-03,1.077048e-02,1.077048e-02,6.392347e-02,2.800324e-02,2.130947e-03,2.311781e-01
8.500000e+06,7.000000e+01,4.496251e+04,6.343127e+03,5.577770e-01,3.405113e+00,8.500000e+06,6.842224e-01,7.000000e+01,4.200000e-12,1.018962e-01,1.018962e-01,3.106093e-03,3.106093e-03,1.068263e-02,1.068263e-02,6.113773e-02,2.777484e-02,1.863656e-03,2.356309e-01
8.500000e+06,7.250000e+01,4.504080e+04,6.390011e+03,5.458474e-01,3.337060e+00,8.500000e+06,7.027054e-01,7.250000e+01,4.200000e-12,9.921608e-02,9.921608e-02,2.849038e-03,2.849038e-03,1.077314e-02,1.077314e-02,5.952965e-02,2.801016e-02,1.709423e-03,2.309217e-01
8.500000e+06,7.500000e+01,4.514228e+04,6.395163e+03,5.371617e-01,3.270303e+00,8.500000e+06,7.150707e-01,7.500000e+01,4.200000e-12,9.750038e-02,9.750038e-02,2.684534e-03,2.684534e-03,1.095191e-02,1.095191e-02,5.850023e-02,2.847495e-02,1.610720e-03,2.263021e-01
8.500000e+06,7.750000e+01,4.525864e+04,6.403859e+03,5.318890e-01,3.225411e+00,8.500000e+06,7.235052e-01,7.750000e+01,4.200000e-12,9.636374e-02,9.636374e-02,2.575577e-03,2.575577e-03,1.118504e-02,1.118504e-02,5.781825e-02,2.908110e-02,1.545346e-03,2.231956e-01
8.500000e+06,8.000000e+01,4.538780e+04,6.416371e+03,5.294266e-01,3.198703e+00,8.500000e+06,7.285614e-01,8.000000e+01,4.200000e-12,9.569498e-02,9.569498e-02,2.511478e-03,2.511478e-03,1.146572e-02,1.146572e-02,5.741699e-02,2.981087e-02,1.506887e-03,2.213475e-01
8.500000e+06,8.250000e+01,4.552547e+04,6.431738e+03,5.287983e-01,3.183934e+00,8.500000e+06,7.313668e-01,8.250000e+01,4.200000e-12,9.532791e-02,9.532791e-02,2.476295e-03,2.476295e-03,1.177867e-02,1.177867e-02,5.719675e-02,3.062453e-02,1.485777e-03,2.203255e-01
8.500000e+06,8.500000e+01,4.566794e+04,6.448820e+03,5.291965e-01,3.175867e+00,8.500000e+06,7.329009e-01,8.500000e+01,4.200000e-12,9.512837e-02,9.512837e-02,2.457166e-03,2.457166e-03,1.211019e-02,1.211019e-02,5.707702e-02,3.148650e-02,1.474300e-03,2.197672e-01
8.666667e+06,2.500000e+01,4.423122e+04,4.672104e+03,8.408345e-01,4.270937e+00,8.666667e+06,3.808522e-01,2.500000e+01,4.200000e-12,1.866950e-01,1.866950e-01,1.090485e-02,1.090485e-02,6.854266e-03,6.854266e-03,1.120170e-01,1.782109e-02,6.542910e-03,2.955452e-01
8.666667e+06,2.750000e+01,4.427840e+04,4.803652e+03,7.977282e-01,4.136160e+00,8.666667e+06,4.074464e-01,2.750000e+01,4.200000e-12,1.745094e-01,1.745094e-01,9.756254e-03,9.756254e-03,7.047574e-03,7.047574e-03,1.047056e-01,1.832369e-02,5.853752e-03,2.862187e-01
8.666667e+06,3.000000e+01,4.433223e+04,4.927469e+03,7.623985e-01,4.024795e+00,8.666667e+06,4.322942e-01,3.000000e+01,4.200000e-12,1.644788e-01,1.644788e-01,8.810837e-03,8.810837e-03,7.246349e-03,7.246349e-03,9.868725e-02,1.884051e-02,5.286502e-03,2.785124e-01
8.666667e+06,3.250000e+01,4.439234e+04,5.044035e+03,7.330414e-01,3.931427e+00,8.666667e+06,4.554945e-01,3.250000e+01,4.200000e-12,1.561012e-01,1.561012e-01,8.021273e-03,8.021273e-03,7.450367e-03,7.450367e-03,9.366070e-02,1.937095e-02,4.812764e-03,2.720514e-01
8.666667e+06,3.500000e+01,4.445833e+04,5.153839e+03,7.083634e-01,3.852173e+00,8.666667e+06,4.771488e-01,3.500000e+01,4.200000e-12,1.490169e-01,1.490169e-01,7.353642e-03,7.353642e-03,7.659345e-03,7.659345e-03,8.941012e-02,1.991430e-02,4.412185e-03,2.665671e-01
8.666667e+06,3.750000e+01,4.452983e+04,5.257364e+03,6.874127e-01,3.784178e+00,8.666667e+06,4.973598e-01,3.750000e+01,4.200000e-12,1.429613e-01,1.429613e-01,6.783003e-03,6.783003e-03,7.872959e-03,7.872959e-03,8.577679e-02,2.046969e-02,4.069802e-03,2.618618e-01
8.666667e+06,4.000000e+01,4.460643e+04,5.355087e+03,6.694732e-01,3.725292e+00,8.666667e+06,5.162296e-01,4.000000e+01,4.200000e-12,1.377356e-01,1.377356e-01,6.290605e-03,6.290605e-03,8.090856e-03,8.090856e-03,8.264138e-02,2.103623e-02,3.774363e-03,2.577870e-01
8.666667e+06,4.250000e+01,4.468775e+04,5.447472e+03,6.539957e-01,3.673871e+00,8.666667e+06,5.338583e-01,4.250000e+01,4.200000e-12,1.331874e-01,1.331874e-01,5.862081e-03,5.862081e-03,8.312667e-03,8.312667e-03,7.991246e-02,2.161293e-02,3.517248e-03,2.542287e-01
8.666667e+06,4.500000e+01,4.477343e+04,5.534970e+03,6.405519e-01,3.628632e+00,8.666667e+06,5.503433e-01,4.500000e+01,4.200000e-12,1.291979e-01,1.291979e-01,5.486230e-03,5.486230e-03,8.538002e-03,8.538002e-03,7.751876e-02,2.219881e-02,3.291738e-03,2.510982e-01
8.666667e+06,4.750000e+01,4.486311e+04,5.618019e+03,6.288020e-01,3.588564e+00,8.666667e+06,5.657794e-01,4.750000e+01,4.200000e-12,1.256730e-01,1.256730e-01,5.154182e-03,5.154182e-03,8.766453e-03,8.766453e-03,7.540383e-02,2.279278e-02,3.092509e-03,2.483256e-01
8.666667e+06,5.000000e+01,4.495642e+04,5.697053e+03,6.184726e-01,3.552859e+00,8.666667e+06,5.802593e-01,5.000000e+01,4.200000e-12,1.225370e-01,1.225370e-01,4.858791e-03,4.858791e-03,8.997572e-03,8.997572e-03,7.352219e-02,2.339369e-02,2.915275e-03,2.458548e-01
8.666667e+06,5.250000e+01,4.505302e+04,5.772513e+03,6.093391e-01,3.520864e+00,8.666667e+06,5.938754e-01,5.250000e+01,4.200000e-12,1.197275e-01,1.197275e-01,4.594192e-03,4.594192e-03,9.230844e-03,9.230844e-03,7.183650e-02,2.400019e-02,2.756515e-03,2.436408e-01
8.666667e+06,5.500000e+01,4.515255e+04,5.844881e+03,6.012125e-01,3.492054e+00,8.666667e+06,6.067237e-01,5.500000e+01,4.200000e-12,1.171921e-01,1.171921e-01,4.355429e-03,4.355429e-03,9.465622e-03,9.465622e-03,7.031525e-02,2.461062e-02,2.613258e-03,2.416471e-01
8.666667e+06,5.750000e+01,4.525459e+04,5.914746e+03,5.939273e-01,3.466011e+00,8.666667e+06,6.189125e-01,5.750000e+01,4.200000e-12,1.148841e-01,1.148841e-01,4.138113e-03,4.138113e-03,9.700989e-03,9.700989e-03,6.893047e-02,2.522257e-02,2.482868e-03,2.398450e-01
8.666667e+06,6.000000e+01,4.535861e+04,5.982970e+03,5.873263e-01,3.442436e+00,8.666667e+06,6.305820e-01,6.000000e+01,4.200000e-12,1.127581e-01,1.127581e-01,3.937952e-03,3.937952e-03,9.935441e-03,9.935441e-03,6.765485e-02,2.583215e-02,2.362771e-03,2.382136e-01
8.666667e+06,6.250000e+01,4.546373e+04,6.051209e+03,5.812341e-01,3.421245e+00,8.666667e+06,6.419618e-01,6.250000e+01,4.200000e-12,1.107593e-01,1.107593e-01,3.749793e-03,3.749793e-03,1.016596e-02,1.016596e-02,6.645556e-02,2.643149e-02,2.249876e-03,2.367472e-01
8.666667e+06,6.500000e+01,4.556789e+04,6.124230e+03,5.753792e-01,3.403194e+00,8.666667e+06,6.536000e-01,6.500000e+01,4.200000e-12,1.087871e-01,1.087871e-01,3.564168e-03,3.564168e-03,1.038434e-02,1.038434e-02,6.527223e-02,2.699927e-02,2.138501e-03,2.354981e-01
8.666667e+06,6.750000e+01,4.565175e+04,6.268346e+03,5.688028e-01,3.413124e+00,8.666667e+06,6.705967e-01,6.750000e+01,4.200000e-12,1.060298e-01,1.060298e-01,3.304715e-03,3.304715e-03,1.051041e-02,1.051041e-02,6.361786e-02,2.732707e-02,1.982829e-03,2.361852e-01
8.666667e+06,7.000000e+01,4.568324e+04,6.509276e+03,5.560486e-01,3.426400e+00,8.666667e+06,7.014334e-01,7.000000e+01,4.200000e-12,1.013684e-01,1.013684e-01,2.866296e-03,2.866296e-03,1.042051e-02,1.042051e-02,6.082107e-02,2.709333e-02,1.719778e-03,2.371039e-01
8.666667e+06,7.250000e+01,4.577845e+04,6.512587e+03,5.457827e-01,3.349027e+00,8.666667e+06,7.154549e-01,7.250000e+01,4.200000e-12,9.938183e-02,9.938183e-02,2.679522e-03,2.679522e-03,1.058116e-02,1.058116e-02,5.962910e-02,2.751101e-02,1.607713e-03,2.317498e-01
8.666667e+06,7.500000e+01,4.588926e+04,6.519307e+03,5.391950e-01,3.295283e+00,8.666667e+06,7.253583e-01,7.500000e+01,4.200000e-12,9.802495e-02,9.802495e-02,2.551990e-03,2.551990e-03,1.079658e-02,1.079658e-02,5.881497e-02,2.807110e-02,1.531194e-03,2.280307e-01
8.666667e+06,7.750000e+01,4.601459e+04,6.530286e+03,5.358556e-01,3.262664e+00,8.666667e+06,7.314236e-01,7.750000e+01,4.200000e-12,9.721208e-02,9.721208e-02,2.475602e-03,2.475602e-03,1.106395e-02,1.106395e-02,5.832725e-02,2.876626e-02,1.485361e-03,2.257735e-01
8.666667e+06,8.000000e+01,4.615016e+04,6.544737e+03,5.347465e-01,3.244661e+00,8.666667e+06,7.347849e-01,8.000000e+01,4.200000e-12,9.676739e-02,9.676739e-02,2.433814e-03,2.433814e-03,1.136861e-02,1.136861e-02,5.806044e-02,2.955837e-02,1.460289e-03,2.245278e-01
8.666667e+06,8.250000e+01,4.629161e+04,6.561341e+03,5.349045e-01,3.234997e+00,8.666667e+06,7.365917e-01,8.250000e+01,4.200000e-12,9.653003e-02,9.653003e-02,2.411506e-03,2.411506e-03,1.169512e-02,1.169512e-02,5.791802e-02,3.040730e-02,1.446904e-03,2.238590e-01
8.666667e+06,8.500000e+01,4.643615e+04,6.579122e+03,5.357251e-01,3.229700e+00,8.666667e+06,7.375819e-01,8.500000e+01,4.200000e-12,9.640043e-02,9.640043e-02,2.399322e-03,2.399322e-03,1.203334e-02,1.203334e-02,5.784026e-02,3.128668e-02,1.439593e-03,2.234924e-01
8.833333e+06,2.500000e+01,4.498369e+04,4.796773e+03,8.399223e-01,4.307863e+00,8.833333e+06,3.896462e-01,2.500000e+01,4.200000e-12,1.860323e-01,1.860323e-01,1.050768e-02,1.050768e-02,6.699571e-03,6.699571e-03,1.116194e-01,1.741889e-02,6.304611e-03,2.981004e-01
8.833333e+06,2.750000e+01,4.502942e+04,4.932115e+03,7.973588e-01,4.174418e+00,8.833333e+06,4.166240e-01,2.750000e+01,4.200000e-12,1.739861e-01,1.739861e-01,9.393925e-03,9.393925e-03,6.892327e-03,6.892327e-03,1.043916e-01,1.792005e-02,5.636355e-03,2.888661e-01
8.833333e+06,3.000000e+01,4.508206e+04,5.059264e+03,7.624982e-01,4.064206e+00,8.833333e+06,4.417858e-01,3.000000e+01,4.200000e-12,1.640767e-01,1.640767e-01,8.477785e-03,8.477785e-03,7.090664e-03,7.090664e-03,9.844602e-02,1.843573e-02,5.086671e-03,2.812395e-01
8.833333e+06,3.250000e+01,4.514122e+04,5.178750e+03,7.335516e-01,3.971850e+00,8.833333e+06,4.652381e-01,3.250000e+01,4.200000e-12,1.558057e-01,1.558057e-01,7.713168e-03,7.713168e-03,7.294331e-03,7.294331e-03,9.348343e-02,1.896526e-02,4.627901e-03,2.748486e-01
8.833333e+06,3.500000e+01,4.520647e+04,5.291103e+03,7.092360e-01,3.893492e+00,8.833333e+06,4.870900e-01,3.500000e+01,4.200000e-12,1.488160e-01,1.488160e-01,7.067041e-03,7.067041e-03,7.503023e-03,7.503023e-03,8.928957e-02,1.950786e-02,4.240225e-03,2.694263e-01
8.833333e+06,3.750000e+01,4.527739e+04,5.396851e+03,6.886074e-01,3.826296e+00,8.833333e+06,5.074514e-01,3.750000e+01,4.200000e-12,1.428447e-01,1.428447e-01,6.515111e-03,6.515111e-03,7.716392e-03,7.716392e-03,8.570684e-02,2.006262e-02,3.909067e-03,2.647764e-01
8.833333e+06,4.000000e+01,4.535358e+04,5.496513e+03,6.709556e-01,3.768128e+00,8.833333e+06,5.264313e-01,4.000000e+01,4.200000e-12,1.376946e-01,1.376946e-01,6.039119e-03,6.039119e-03,7.934065e-03,7.934065e-03,8.261678e-02,2.062857e-02,3.623471e-03,2.607512e-01
8.833333e+06,4.250000e+01,4.543462e+04,5.590592e+03,6.557361e-01,3.717353e+00,8.833333e+06,5.441362e-01,4.250000e+01,4.200000e-12,1.332144e-01,1.332144e-01,5.625073e-03,5.625073e-03,8.155652e-03,8.155652e-03,7.992861e-02,2.120470e-02,3.375044e-03,2.572376e-01
8.833333e+06,4.500000e+01,4.552013e+04,5.679576e+03,6.425240e-01,3.672699e+00,8.833333e+06,5.606700e-01,4.500000e+01,4.200000e-12,1.292860e-01,1.292860e-01,5.262066e-03,5.262066e-03,8.380745e-03,8.380745e-03,7.757158e-02,2.178994e-02,3.157240e-03,2.541476e-01
8.833333e+06,4.750000e+01,4.560970e+04,5.763941e+03,6.309821e-01,3.633163e+00,8.833333e+06,5.761331e-01,4.750000e+01,4.200000e-12,1.258160e-01,1.258160e-01,4.941454e-03,4.941454e-03,8.608911e-03,8.608911e-03,7.548960e-02,2.238317e-02,2.964872e-03,2.514117e-01
8.833333e+06,5.000000e+01,4.570298e+04,5.844158e+03,6.208388e-01,3.597942e+00,8.833333e+06,5.906243e-01,5.000000e+01,4.200000e-12,1.227291e-01,1.227291e-01,4.656262e-03,4.656262e-03,8.839672e-03,8.839672e-03,7.363743e-02,2.298315e-02,2.793757e-03,2.489745e-01
8.833333e+06,5.250000e+01,4.579958e+04,5.920720e+03,6.118701e-01,3.566392e+00,8.833333e+06,6.042430e-01,5.250000e+01,4.200000e-12,1.199629e-01,1.199629e-01,4.400740e-03,4.400740e-03,9.072461e-03,9.072461e-03,7.197776e-02,2.358840e-02,2.640444e-03,2.467912e-01
8.833333e+06,5.500000e+01,4.589911e+04,5.994176e+03,6.038861e-01,3.537995e+00,8.833333e+06,6.170948e-01,5.500000e+01,4.200000e-12,1.174645e-01,1.174645e-01,4.169978e-03,4.169978e-03,9.306539e-03,9.306539e-03,7.047872e-02,2.419700e-02,2.501987e-03,2.448262e-01
8.833333e+06,5.750000e+01,4.600107e+04,6.065248e+03,5.967165e-01,3.512353e+00,8.833333e+06,6.293045e-01,5.750000e+01,4.200000e-12,1.151855e-01,1.151855e-01,3.959505e-03,3.959505e-03,9.540792e-03,9.540792e-03,6.911131e-02,2.480606e-02,2.375703e-03,2.430518e-01
8.833333e+06,6.000000e+01,4.610482e+04,6.135113e+03,5.901914e-01,3.489218e+00,8.833333e+06,6.410488e-01,6.000000e+01,4.200000e-12,1.130753e-01,1.130753e-01,3.764646e-03,3.764646e-03,9.773218e-03,9.773218e-03,6.784516e-02,2.541037e-02,2.258788e-03,2.414509e-01
8.833333e+06,6.250000e+01,4.620905e+04,6.206461e+03,5.840968e-01,3.468731e+00,8.833333e+06,6.526668e-01,6.250000e+01,4.200000e-12,1.110624e-01,1.110624e-01,3.578811e-03,3.578811e-03,9.999216e-03,9.999216e-03,6.663746e-02,2.599796e-02,2.147286e-03,2.400332e-01
8.833333e+06,6.500000e+01,4.630943e+04,6.290702e+03,5.779927e-01,3.453632e+00,8.833333e+06,6.653026e-01,6.500000e+01,4.200000e-12,1.089531e-01,1.089531e-01,3.384099e-03,3.384099e-03,1.020168e-02,1.020168e-02,6.537184e-02,2.652436e-02,2.030459e-03,2.389884e-01
8.833333e+06,6.750000e+01,4.633169e+04,6.626999e+03,5.675271e-01,3.522805e+00,8.833333e+06,6.985729e-01,6.750000e+01,4.200000e-12,1.037641e-01,1.037641e-01,2.905332e-03,2.905332e-03,1.008950e-02,1.008950e-02,6.225843e-02,2.623269e-02,1.743199e-03,2.437750e-01
8.833333e+06,7.000000e+01,4.641927e+04,6.631504e+03,5.554457e-01,3.434535e+00,8.833333e+06,7.146083e-01,7.000000e+01,4.200000e-12,1.014357e-01,1.014357e-01,2.690596e-03,2.690596e-03,1.022839e-02,1.022839e-02,6.086140e-02,2.659382e-02,1.614358e-03,2.376668e-01
8.833333e+06,7.250000e+01,4.652336e+04,6.635958e+03,5.472334e-01,3.369844e+00,8.833333e+06,7.262886e-01,7.250000e+01,4.200000e-12,9.980435e-02,9.980435e-02,2.540198e-03,2.540198e-03,1.042332e-02,1.042332e-02,5.988261e-02,2.710064e-02,1.524119e-03,2.331903e-01
8.833333e+06,7.500000e+01,4.664365e+04,6.644955e+03,5.427225e-01,3.329306e+00,8.833333e+06,7.336893e-01,7.500000e+01,4.200000e-12,9.879763e-02,9.879763e-02,2.447406e-03,2.447406e-03,1.067398e-02,1.067398e-02,5.927858e-02,2.775236e-02,1.468444e-03,2.303851e-01
8.833333e+06,7.750000e+01,4.677628e+04,6.658138e+03,5.409408e-01,3.306756e+00,8.833333e+06,7.378272e-01,7.750000e+01,4.200000e-12,9.824354e-02,9.824354e-02,2.396339e-03,2.396339e-03,1.096792e-02,1.096792e-02,5.894612e-02,2.851660e-02,1.437803e-03,2.288246e-01
8.833333e+06,8.000000e+01,4.691627e+04,6.674067e+03,5.407607e-01,3.294820e+00,8.833333e+06,7.400215e-01,8.000000e+01,4.200000e-12,9.795224e-02,9.795224e-02,2.369489e-03,2.369489e-03,1.128816e-02,1.128816e-02,5.877134e-02,2.934921e-02,1.421693e-03,2.279987e-01
8.833333e+06,8.250000e+01,4.706011e+04,6.691509e+03,5.414156e-01,3.288431e+00,8.833333e+06,7.411960e-01,8.250000e+01,4.200000e-12,9.779702e-02,9.779702e-02,2.355178e-03,2.355178e-03,1.162247e-02,1.162247e-02,5.867821e-02,3.021841e-02,1.413107e-03,2.275566e-01
8.833333e+06,8.500000e+01,4.720591e+04,6.709748e+03,5.424959e-01,3.284870e+00,8.833333e+06,7.418502e-01,8.500000e+01,4.200000e-12,9.771078e-02,9.771078e-02,2.347223e-03,2.347223e-03,1.196410e-02,1.196410e-02,5.862647e-02,3.110667e-02,1.408334e-03,2.273102e-01
9.000000e+06,2.500000e+01,4.573656e+04,4.922464e+03,8.393645e-01,4.345590e+00,9.000000e+06,3.983356e-01,2.500000e+01,4.200000e-12,1.854474e-01,1.854474e-01,1.013247e-02,1.013247e-02,6.553425e-03,6.553425e-03,1.112685e-01,1.703890e-02,6.079484e-03,3.007111e-01
9.000000e+06,2.750000e+01,4.578090e+04,5.061573e+03,7.973226e-01,4.213421e+00,9.000000e+06,4.256781e-01,2.750000e+01,4.200000e-12,1.735356e-01,1.735356e-01,9.051785e-03,9.051785e-03,6.745728e-03,6.745728e-03,1.041214e-01,1.753889e-02,5.431071e-03,2.915651e-01
9.000000e+06,3.000000e+01,4.583243e+04,5.192019e+03,7.629135e-01,4.104317e+00,9.000000e+06,4.511351e-01,3.000000e+01,4.200000e-12,1.637432e-01,1.637432e-01,8.163437e-03,8.163437e-03,6.943718e-03,6.943718e-03,9.824592e-02,1.805367e-02,4.898062e-03,2.840152e-01
9.000000e+06,3.250000e+01,4.589071e+04,5.314377e+03,7.343622e-01,4.012933e+00,9.000000e+06,4.748207e-01,3.250000e+01,4.200000e-12,1.555752e-01,1.555752e-01,7.422499e-03,7.422499e-03,7.147121e-03,7.147121e-03,9.334509e-02,1.858251e-02,4.453500e-03,2.776915e-01
9.000000e+06,3.500000e+01,4.595528e+04,5.429228e+03,7.103956e-01,3.935437e+00,9.000000e+06,4.968521e-01,3.500000e+01,4.200000e-12,1.486767e-01,1.486767e-01,6.796775e-03,6.796775e-03,7.355605e-03,7.355605e-03,8.920600e-02,1.912457e-02,4.078065e-03,2.723289e-01
9.000000e+06,3.750000e+01,4.602571e+04,5.537145e+03,6.900772e-01,3.869010e+00,9.000000e+06,5.173467e-01,3.750000e+01,4.200000e-12,1.427869e-01,1.427869e-01,6.262589e-03,6.262589e-03,7.568800e-03,7.568800e-03,8.567211e-02,1.967888e-02,3.757553e-03,2.677321e-01
9.000000e+06,4.000000e+01,4.610155e+04,5.638691e+03,6.727024e-01,3.811531e+00,9.000000e+06,5.364207e-01,4.000000e+01,4.200000e-12,1.377097e-01,1.377097e-01,5.802146e-03,5.802146e-03,7.786314e-03,7.786314e-03,8.262579e-02,2.024442e-02,3.481288e-03,2.637546e-01
9.000000e+06,4.250000e+01,4.618236e+04,5.734409e+03,6.577309e-01,3.761378e+00,9.000000e+06,5.541873e-01,4.250000e+01,4.200000e-12,1.332948e-01,1.332948e-01,5.401813e-03,5.401813e-03,8.007736e-03,8.007736e-03,7.997690e-02,2.082011e-02,3.241088e-03,2.602841e-01
9.000000e+06,4.500000e+01,4.626774e+04,5.824828e+03,6.447412e-01,3.717286e+00,9.000000e+06,5.707566e-01,4.500000e+01,4.200000e-12,1.294252e-01,1.294252e-01,5.050959e-03,5.050959e-03,8.232638e-03,8.232638e-03,7.765514e-02,2.140486e-02,3.030575e-03,2.572330e-01
9.000000e+06,4.750000e+01,4.635726e+04,5.910463e+03,6.333987e-01,3.678260e+00,9.000000e+06,5.862352e-01,4.750000e+01,4.200000e-12,1.260080e-01,1.260080e-01,4.741151e-03,4.741151e-03,8.460560e-03,8.460560e-03,7.560478e-02,2.199746e-02,2.844691e-03,2.545324e-01
9.000000e+06,5.000000e+01,4.645054e+04,5.991830e+03,6.234329e-01,3.643505e+00,9.000000e+06,6.007285e-01,5.000000e+01,4.200000e-12,1.229679e-01,1.229679e-01,4.465573e-03,4.465573e-03,8.690989e-03,8.690989e-03,7.378073e-02,2.259657e-02,2.679344e-03,2.521274e-01
9.000000e+06,5.250000e+01,4.654717e+04,6.069475e+03,6.146202e-01,3.612383e+00,9.000000e+06,6.143435e-01,5.250000e+01,4.200000e-12,1.202427e-01,1.202427e-01,4.218569e-03,4.218569e-03,8.923299e-03,8.923299e-03,7.214560e-02,2.320058e-02,2.531141e-03,2.499738e-01
9.000000e+06,5.500000e+01,4.664669e+04,6.144043e+03,6.067684e-01,3.584389e+00,9.000000e+06,6.271978e-01,5.500000e+01,4.200000e-12,1.177783e-01,1.177783e-01,3.995238e-03,3.995238e-03,9.156629e-03,9.156629e-03,7.066700e-02,2.380723e-02,2.397143e-03,2.480366e-01
9.000000e+06,5.750000e+01,4.674854e+04,6.216442e+03,5.997002e-01,3.559150e+00,9.000000e+06,6.394387e-01,5.750000e+01,4.200000e-12,1.155237e-01,1.155237e-01,3.790939e-03,3.790939e-03,9.389584e-03,9.389584e-03,6.931420e-02,2.441292e-02,2.274564e-03,2.462901e-01
9.000000e+06,6.000000e+01,4.685185e+04,6.288375e+03,5.932249e-01,3.536517e+00,9.000000e+06,6.513010e-01,6.000000e+01,4.200000e-12,1.134196e-01,1.134196e-01,3.600316e-03,3.600316e-03,9.619377e-03,9.619377e-03,6.805177e-02,2.501038e-02,2.160190e-03,2.447239e-01
9.000000e+06,6.250000e+01,4.695448e+04,6.364774e+03,5.870556e-01,3.517181e+00,9.000000e+06,6.633430e-01,6.250000e+01,4.200000e-12,1.113606e-01,1.113606e-01,3.413810e-03,3.413810e-03,9.838283e-03,9.838283e-03,6.681639e-02,2.557953e-02,2.048286e-03,2.433859e-01
9.000000e+06,6.500000e+01,4.701258e+04,6.617600e+03,5.799721e-01,3.570282e+00,9.000000e+06,6.871460e-01,6.500000e+01,4.200000e-12,1.075031e-01,1.075031e-01,3.064506e-03,3.064506e-03,9.877379e-03,9.877379e-03,6.450184e-02,2.568119e-02,1.838704e-03,2.470604e-01
9.000000e+06,6.750000e+01,4.706549e+04,6.752111e+03,5.663719e-01,3.528376e+00,9.000000e+06,7.123372e-01,6.750000e+01,4.200000e-12,1.037013e-01,1.037013e-01,2.720421e-03,2.720421e-03,9.894539e-03,9.894539e-03,6.222079e-02,2.572580e-02,1.632253e-03,2.441606e-01
9.000000e+06,7.000000e+01,4.716180e+04,6.754143e+03,5.562225e-01,3.450631e+00,9.000000e+06,7.260736e-01,7.000000e+01,4.200000e-12,1.017394e-01,1.017394e-01,2.542929e-03,2.542929e-03,1.006688e-02,1.006688e-02,6.104365e-02,2.617388e-02,1.525758e-03,2.387807e-01
9.000000e+06,7.250000e+01,4.727559e+04,6.760673e+03,5.501816e-01,3.399729e+00,9.000000e+06,7.351918e-01,7.250000e+01,4.200000e-12,1.004776e-01,1.004776e-01,2.428807e-03,2.428807e-03,1.029710e-02,1.029710e-02,6.028656e-02,2.677245e-02,1.457284e-03,2.352583e-01
9.000000e+06,7.500000e+01,4.740415e+04,6.772116e+03,5.474610e-01,3.370801e+00,9.000000e+06,7.404081e-01,7.500000e+01,4.200000e-12,9.976972e-02,9.976972e-02,2.364794e-03,2.364794e-03,1.057712e-02,1.057712e-02,5.986183e-02,2.750052e-02,1.418876e-03,2.332565e-01
9.000000e+06,7.750000e+01,4.754204e+04,6.787084e+03,5.467994e-01,3.355601e+00,9.000000e+06,7.431557e-01,7.750000e+01,4.200000e-12,9.940085e-02,9.940085e-02,2.331437e-03,2.331437e-03,1.088928e-02,1.088928e-02,5.964051e-02,2.831214e-02,1.398862e-03,2.322047e-01
9.000000e+06,8.000000e+01,4.768489e+04,6.804045e+03,5.472214e-01,3.347653e+00,9.000000e+06,7.445929e-01,8.000000e+01,4.200000e-12,9.920898e-02,9.920898e-02,2.314082e-03,2.314082e-03,1.121885e-02,1.121885e-02,5.952539e-02,2.916902e-02,1.388449e-03,2.316547e-01
9.000000e+06,8.250000e+01,4.783023e+04,6.822044e+03,5.481862e-01,3.343343e+00,9.000000e+06,7.453720e-01,8.250000e+01,4.200000e-12,9.910529e-02,9.910529e-02,2.304699e-03,2.304699e-03,1.155735e-02,1.155735e-02,5.946317e-02,3.004911e-02,1.382820e-03,2.313564e-01
9.000000e+06,8.500000e+01,4.797683e+04,6.840583e+03,5.494275e-01,3.340885e+00,9.000000e+06,7.458155e-01,8.500000e+01,4.200000e-12,9.904635e-02,9.904635e-02,2.299361e-03,2.299361e-03,1.190049e-02,1.190049e-02,5.942781e-02,3.094128e-02,1.379617e-03,2.311864e-01
9.166667e+06,2.500000e+01,4.648983e+04,5.049149e+03,8.391361e-01,4.384061e+00,9.166667e+06,4.069202e-01,2.500000e+01,4.200000e-12,1.849352e-01,1.849352e-01,9.777529e-03,9.777529e-03,6.415171e-03,6.415171e-03,1.109611e-01,1.667944e-02,5.866518e-03,3.033732e-01
9.166667e+06,2.750000e+01,4.653286e+04,5.191996e+03,7.975963e-01,4.253118e+00,9.166667e+06,4.346088e-01,2.750000e+01,4.200000e-12,1.731531e-01,1.731531e-01,8.728282e-03,8.728282e-03,6.607110e-03,6.607110e-03,1.038918e-01,1.717849e-02,5.236969e-03,2.943121e-01
9.166667e+06,3.000000e+01,4.658335e+04,5.325697e+03,7.636222e-01,4.145079e+00,9.166667e+06,4.603423e-01,3.000000e+01,4.200000e-12,1.634737e-01,1.634737e-01,7.866352e-03,7.866352e-03,6.804838e-03,6.804838e-03,9.808421e-02,1.769258e-02,4.719811e-03,2.868359e-01
9.166667e+06,3.250000e+01,4.664081e+04,5.450879e+03,7.354519e-01,4.054631e+00,9.166667e+06,4.842431e-01,3.250000e+01,4.200000e-12,1.554051e-01,1.554051e-01,7.147917e-03,7.147917e-03,7.008053e-03,7.008053e-03,9.324307e-02,1.822094e-02,4.288750e-03,2.805770e-01
9.166667e+06,3.500000e+01,4.670478e+04,5.568174e+03,7.118219e-01,3.977965e+00,9.166667e+06,5.064364e-01,3.500000e+01,4.200000e-12,1.485949e-01,1.485949e-01,6.541575e-03,6.541575e-03,7.216399e-03,7.216399e-03,8.915692e-02,1.876264e-02,3.924945e-03,2.752718e-01
9.166667e+06,3.750000e+01,4.677477e+04,5.678205e+03,6.918026e-01,3.912278e+00,9.166667e+06,5.270478e-01,3.750000e+01,4.200000e-12,1.427837e-01,1.427837e-01,6.024237e-03,6.024237e-03,7.429484e-03,7.429484e-03,8.567024e-02,1.931666e-02,3.614542e-03,2.707262e-01
9.166667e+06,4.000000e+01,4.685031e+04,5.781578e+03,6.746947e-01,3.855463e+00,9.166667e+06,5.462007e-01,4.000000e+01,4.200000e-12,1.377769e-01,1.377769e-01,5.578550e-03,5.578550e-03,7.646896e-03,7.646896e-03,8.266616e-02,1.988193e-02,3.347130e-03,2.667947e-01
9.166667e+06,4.250000e+01,4.693095e+04,5.878882e+03,6.599620e-01,3.805908e+00,9.166667e+06,5.640152e-01,4.250000e+01,4.200000e-12,1.334252e-01,1.334252e-01,5.191219e-03,5.191219e-03,7.868203e-03,7.868203e-03,8.005513e-02,2.045733e-02,3.114731e-03,2.633655e-01
9.166667e+06,4.500000e+01,4.701625e+04,5.970686e+03,6.471861e-01,3.762357e+00,9.166667e+06,5.806077e-01,4.500000e+01,4.200000e-12,1.296122e-01,1.296122e-01,4.851874e-03,4.851874e-03,8.092955e-03,8.092955e-03,7.776733e-02,2.104168e-02,2.911125e-03,2.603519e-01
9.166667e+06,4.750000e+01,4.710576e+04,6.057548e+03,6.360345e-01,3.723822e+00,9.166667e+06,5.960915e-01,4.750000e+01,4.200000e-12,1.262455e-01,1.262455e-01,4.552284e-03,4.552284e-03,8.320667e-03,8.320667e-03,7.574729e-02,2.163373e-02,2.731370e-03,2.576853e-01
9.166667e+06,5.000000e+01,4.719907e+04,6.140034e+03,6.262380e-01,3.689514e+00,9.166667e+06,6.105786e-01,5.000000e+01,4.200000e-12,1.232501e-01,1.232501e-01,4.285770e-03,4.285770e-03,8.550782e-03,8.550782e-03,7.395004e-02,2.223203e-02,2.571462e-03,2.553112e-01
9.166667e+06,5.250000e+01,4.729573e+04,6.218758e+03,6.175723e-01,3.658806e+00,9.166667e+06,6.241855e-01,5.250000e+01,4.200000e-12,1.205633e-01,1.205633e-01,4.046750e-03,4.046750e-03,8.782599e-03,8.782599e-03,7.233797e-02,2.283476e-02,2.428050e-03,2.531862e-01
9.166667e+06,5.500000e+01,4.739525e+04,6.294485e+03,6.098417e-01,3.631207e+00,9.166667e+06,6.370445e-01,5.500000e+01,4.200000e-12,1.181297e-01,1.181297e-01,3.830282e-03,3.830282e-03,9.015096e-03,9.015096e-03,7.087780e-02,2.343925e-02,2.298169e-03,2.512764e-01
9.166667e+06,5.750000e+01,4.749692e+04,6.368412e+03,6.028578e-01,3.606390e+00,9.166667e+06,6.493359e-01,5.750000e+01,4.200000e-12,1.158936e-01,1.158936e-01,3.631415e-03,3.631415e-03,9.246468e-03,9.246468e-03,6.953614e-02,2.404082e-02,2.178849e-03,2.495591e-01
9.166667e+06,6.000000e+01,4.759950e+04,6.443193e+03,5.963946e-01,3.584399e+00,9.166667e+06,6.613931e-01,6.000000e+01,4.200000e-12,1.137808e-01,1.137808e-01,3.443550e-03,3.443550e-03,9.472595e-03,9.472595e-03,6.826849e-02,2.462875e-02,2.066130e-03,2.480373e-01
9.166667e+06,6.250000e+01,4.769878e+04,6.529946e+03,5.900078e-01,3.567697e+00,9.166667e+06,6.743222e-01,6.250000e+01,4.200000e-12,1.115992e-01,1.115992e-01,3.249605e-03,3.249605e-03,9.678097e-03,9.678097e-03,6.695955e-02,2.516305e-02,1.949763e-03,2.468815e-01
9.166667e+06,6.500000e+01,4.771778e+04,6.874514e+03,5.787936e-01,3.632171e+00,9.166667e+06,7.084635e-01,6.500000e+01,4.200000e-12,1.062212e-01,1.062212e-01,2.771735e-03,2.771735e-03,9.580172e-03,9.580172e-03,6.373273e-02,2.490845e-02,1.663041e-03,2.513431e-01
9.166667e+06,6.750000e+01,4.780552e+04,6.874187e+03,5.664234e-01,3.539474e+00,9.166667e+06,7.244608e-01,6.750000e+01,4.200000e-12,1.038757e-01,1.038757e-01,2.563422e-03,2.563422e-03,9.728957e-03,9.728957e-03,6.232540e-02,2.529529e-02,1.538053e-03,2.449286e-01
9.166667e+06,7.000000e+01,4.791130e+04,6.877830e+03,5.584509e-01,3.475473e+00,9.166667e+06,7.356999e-01,7.000000e+01,4.200000e-12,1.022888e-01,1.022888e-01,2.422540e-03,2.422540e-03,9.935158e-03,9.935158e-03,6.137328e-02,2.583141e-02,1.453524e-03,2.404997e-01
9.166667e+06,7.250000e+01,4.803428e+04,6.886936e+03,5.544323e-01,3.437695e+00,9.166667e+06,7.423915e-01,7.250000e+01,4.200000e-12,1.013668e-01,1.013668e-01,2.340704e-03,2.340704e-03,1.019723e-02,1.019723e-02,6.082008e-02,2.651281e-02,1.404422e-03,2.378855e-01
9.166667e+06,7.500000e+01,4.816917e+04,6.900527e+03,5.530772e-01,3.417763e+00,9.166667e+06,7.459343e-01,7.500000e+01,4.200000e-12,1.008854e-01,1.008854e-01,2.297974e-03,2.297974e-03,1.049876e-02,1.049876e-02,6.053121e-02,2.729678e-02,1.378784e-03,2.365063e-01
9.166667e+06,7.750000e+01,4.831058e+04,6.916792e+03,5.531654e-01,3.407552e+00,9.166667e+06,7.477508e-01,7.750000e+01,4.200000e-12,1.006403e-01,1.006403e-01,2.276219e-03,2.276219e-03,1.082237e-02,1.082237e-02,6.038417e-02,2.813815e-02,1.365731e-03,2.357997e-01
9.166667e+06,8.000000e+01,4.845524e+04,6.934450e+03,5.539693e-01,3.402171e+00,9.166667e+06,7.487075e-01,8.000000e+01,4.200000e-12,1.005117e-01,1.005117e-01,2.264799e-03,2.264799e-03,1.115720e-02,1.115720e-02,6.030701e-02,2.900872e-02,1.358879e-03,2.354273e-01
9.166667e+06,8.250000e+01,4.860152e+04,6.952818e+03,5.551284e-01,3.399190e+00,9.166667e+06,7.492370e-01,8.250000e+01,4.200000e-12,1.004407e-01,1.004407e-01,2.258487e-03,2.258487e-03,1.149773e-02,1.149773e-02,6.026439e-02,2.989410e-02,1.355092e-03,2.352210e-01
9.166667e+06,8.500000e+01,4.874864e+04,6.971559e+03,5.564710e-01,3.397450e+00,9.166667e+06,7.495458e-01,8.500000e+01,4.200000e-12,1.003993e-01,1.003993e-01,2.254805e-03,2.254805e-03,1.184127e-02,1.184127e-02,6.023956e-02,3.078730e-02,1.352883e-03,2.351006e-01
9.333333e+06,2.500000e+01,4.724350e+04,5.176797e+03,8.392142e-01,4.423227e+00,9.333333e+06,4.153997e-01,2.500000e+01,4.200000e-12,1.844907e-01,1.844907e-01,9.441336e-03,9.441336e-03,6.284218e-03,6.284218e-03,1.106944e-01,1.633897e-02,5.664801e-03,3.060835e-01
9.333333e+06,2.750000e+01,4.728529e+04,5.323350e+03,7.981586e-01,4.293463e+00,9.333333e+06,4.434162e-01,2.750000e+01,4.200000e-12,1.728340e-01,1.728340e-01,8.422016e-03,8.422016e-03,6.475876e-03,6.475876e-03,1.037004e-01,1.683728e-02,5.053209e-03,2.971040e-01
9.333333e+06,3.000000e+01,4.733480e+04,5.460263e+03,7.646043e-01,4.186450e+00,9.333333e+06,4.694079e-01,3.000000e+01,4.200000e-12,1.632639e-01,1.632639e-01,7.585229e-03,7.585229e-03,6.673417e-03,6.673417e-03,9.795837e-02,1.735088e-02,4.551138e-03,2.896988e-01
9.333333e+06,3.250000e+01,4.739152e+04,5.588219e+03,7.368019e-01,4.096905e+00,9.333333e+06,4.935061e-01,3.250000e+01,4.200000e-12,1.552917e-01,1.552917e-01,6.888207e-03,6.888207e-03,6.876512e-03,6.876512e-03,9.317501e-02,1.787893e-02,4.132924e-03,2.835023e-01
9.333333e+06,3.500000e+01,4.745494e+04,5.707903e+03,7.134968e-01,4.021038e+00,9.333333e+06,5.158446e-01,3.500000e+01,4.200000e-12,1.485668e-01,1.485668e-01,6.300300e-03,6.300300e-03,7.084783e-03,7.084783e-03,8.914009e-02,1.842044e-02,3.780180e-03,2.782523e-01
9.333333e+06,3.750000e+01,4.752456e+04,5.819989e+03,6.937661e-01,3.956064e+00,9.333333e+06,5.365570e-01,3.750000e+01,4.200000e-12,1.428318e-01,1.428318e-01,5.798977e-03,5.798977e-03,7.297815e-03,7.297815e-03,8.569907e-02,1.897432e-02,3.479386e-03,2.737562e-01
9.333333e+06,4.000000e+01,4.759986e+04,5.925134e+03,6.769156e-01,3.899888e+00,9.333333e+06,5.557743e-01,4.000000e+01,4.200000e-12,1.378930e-01,1.378930e-01,5.367307e-03,5.367307e-03,7.515173e-03,7.515173e-03,8.273582e-02,1.953945e-02,3.220384e-03,2.698689e-01
9.333333e+06,4.250000e+01,4.768038e+04,6.023970e+03,6.624129e-01,3.850909e+00,9.333333e+06,5.736236e-01,4.250000e+01,4.200000e-12,1.336022e-01,1.336022e-01,4.992316e-03,4.992316e-03,7.736408e-03,7.736408e-03,8.016134e-02,2.011466e-02,2.995390e-03,2.664796e-01
9.333333e+06,4.500000e+01,4.776564e+04,6.117111e+03,6.498425e-01,3.807879e+00,9.333333e+06,5.902280e-01,4.500000e+01,4.200000e-12,1.298437e-01,1.298437e-01,4.663883e-03,4.663883e-03,7.961046e-03,7.961046e-03,7.790623e-02,2.069872e-02,2.798330e-03,2.635020e-01
9.333333e+06,4.750000e+01,4.785518e+04,6.205162e+03,6.388739e-01,3.769816e+00,9.333333e+06,6.057075e-01,4.750000e+01,4.200000e-12,1.265254e-01,1.265254e-01,4.373958e-03,4.373958e-03,8.188571e-03,8.188571e-03,7.591526e-02,2.129028e-02,2.624375e-03,2.608681e-01
9.333333e+06,5.000000e+01,4.794854e+04,6.288742e+03,6.292384e-01,3.735941e+00,9.333333e+06,6.201818e-01,5.000000e+01,4.200000e-12,1.235725e-01,1.235725e-01,4.115990e-03,4.115990e-03,8.418378e-03,8.418378e-03,7.414349e-02,2.188778e-02,2.469594e-03,2.585239e-01
9.333333e+06,5.250000e+01,4.804526e+04,6.368553e+03,6.207106e-01,3.705634e+00,9.333333e+06,6.337780e-01,5.250000e+01,4.200000e-12,1.209215e-01,1.209215e-01,3.884438e-03,3.884438e-03,8.649670e-03,8.649670e-03,7.255291e-02,2.248914e-02,2.330663e-03,2.564267e-01
9.333333e+06,5.500000e+01,4.814473e+04,6.445527e+03,6.130890e-01,3.678429e+00,9.333333e+06,6.466486e-01,5.500000e+01,4.200000e-12,1.185147e-01,1.185147e-01,3.674248e-03,3.674248e-03,8.881202e-03,8.881202e-03,7.110884e-02,2.309112e-02,2.204549e-03,2.545441e-01
9.333333e+06,5.750000e+01,4.824610e+04,6.521320e+03,6.061674e-01,3.654077e+00,9.333333e+06,6.590237e-01,5.750000e+01,4.200000e-12,1.162893e-01,1.162893e-01,3.479927e-03,3.479927e-03,9.110542e-03,9.110542e-03,6.977357e-02,2.368741e-02,2.087956e-03,2.528590e-01
9.333333e+06,6.000000e+01,4.834739e+04,6.600522e+03,5.996567e-01,3.633070e+00,9.333333e+06,6.714241e-01,6.000000e+01,4.200000e-12,1.141416e-01,1.141416e-01,3.292429e-03,3.292429e-03,9.331077e-03,9.331077e-03,6.848494e-02,2.426080e-02,1.975458e-03,2.514053e-01
9.333333e+06,6.250000e+01,4.840350e+04,6.868065e+03,5.925084e-01,3.689593e+00,9.333333e+06,6.957562e-01,6.250000e+01,4.200000e-12,1.101498e-01,1.101498e-01,2.944079e-03,2.944079e-03,9.379946e-03,9.379946e-03,6.608987e-02,2.438786e-02,1.766447e-03,2.553166e-01
9.333333e+06,6.500000e+01,4.845549e+04,6.996332e+03,5.781215e-01,3.638361e+00,9.333333e+06,7.211989e-01,6.500000e+01,4.200000e-12,1.062639e-01,1.062639e-01,2.605147e-03,2.605147e-03,9.410999e-03,9.410999e-03,6.375833e-02,2.446860e-02,1.563088e-03,2.517715e-01
9.333333e+06,6.750000e+01,4.855187e+04,6.996879e+03,5.678170e-01,3.558550e+00,9.333333e+06,7.349185e-01,6.750000e+01,4.200000e-12,1.042801e-01,1.042801e-01,2.432200e-03,2.432200e-03,9.590517e-03,9.590517e-03,6.256808e-02,2.493534e-02,1.459320e-03,2.462486e-01
9.333333e+06,7.000000e+01,4.866744e+04,7.002979e+03,5.620458e-01,3.508797e+00,9.333333e+06,7.435709e-01,7.000000e+01,4.200000e-12,1.030667e-01,1.030667e-01,2.326444e-03,2.326444e-03,9.829989e-03,9.829989e-03,6.184001e-02,2.555797e-02,1.395866e-03,2.428057e-01
9.333333e+06,7.250000e+01,4.879801e+04,7.014606e+03,5.596872e-01,3.481980e+00,9.333333e+06,7.482573e-01,7.250000e+01,4.200000e-12,1.024212e-01,1.024212e-01,2.270193e-03,2.270193e-03,1.011730e-02,1.011730e-02,6.145271e-02,2.630497e-02,1.362116e-03,2.409500e-01
9.333333e+06,7.500000e+01,4.893733e+04,7.029849e+03,5.592867e-01,3.468424e+00,9.333333e+06,7.506297e-01,7.500000e+01,4.200000e-12,1.020975e-01,1.020975e-01,2.241983e-03,2.241983e-03,1.043309e-02,1.043309e-02,6.125848e-02,2.712603e-02,1.345190e-03,2.400119e-01
9.333333e+06,7.750000e+01,4.908102e+04,7.047011e+03,5.598603e-01,3.461485e+00,9.333333e+06,7.518437e-01,7.750000e+01,4.200000e-12,1.019326e-01,1.019326e-01,2.227613e-03,2.227613e-03,1.076345e-02,1.076345e-02,6.115957e-02,2.798498e-02,1.336568e-03,2.395318e-01
9.333333e+06,8.000000e+01,4.922684e+04,7.065135e+03,5.609062e-01,3.457761e+00,9.333333e+06,7.524946e-01,8.000000e+01,4.200000e-12,1.018444e-01,1.018444e-01,2.219921e-03,2.219921e-03,1.110105e-02,1.110105e-02,6.110666e-02,2.886273e-02,1.331952e-03,2.392741e-01
9.333333e+06,8.250000e+01,4.937372e+04,7.083750e+03,5.621889e-01,3.455648e+00,9.333333e+06,7.528636e-01,8.250000e+01,4.200000e-12,1.017945e-01,1.017945e-01,2.215562e-03,2.215562e-03,1.144235e-02,1.144235e-02,6.107672e-02,2.975010e-02,1.329337e-03,2.391279e-01
9.333333e+06,8.500000e+01,nan,nan,nan,nan,nan,nan,nan,nan,nan,nan,nan,nan,nan,nan,nan,nan,nan,nan
9.500000e+06,2.500000e+01,4.799757e+04,5.305383e+03,8.395786e-01,4.463042e+00,9.500000e+06,4.237742e-01,2.500000e+01,4.200000e-12,1.841097e-01,1.841097e-01,9.122521e-03,9.122521e-03,6.160032e-03,6.160032e-03,1.104658e-01,1.601608e-02,5.473512e-03,3.088387e-01
9.500000e+06,2.750000e+01,4.803819e+04,5.455604e+03,7.989903e-01,4.334415e+00,9.500000e+06,4.521005e-01,2.750000e+01,4.200000e-12,1.725743e-01,1.725743e-01,8.131723e-03,8.131723e-03,6.351483e-03,6.351483e-03,1.035446e-01,1.651386e-02,4.879034e-03,2.999378e-01
9.500000e+06,3.000000e+01,4.808679e+04,5.595683e+03,7.658417e-01,4.228391e+00,9.500000e+06,4.783326e-01,3.000000e+01,4.200000e-12,1.631102e-01,1.631102e-01,7.318896e-03,7.318896e-03,6.548905e-03,6.548905e-03,9.786614e-02,1.702715e-02,4.391338e-03,2.926010e-01
9.500000e+06,3.250000e+01,4.814283e+04,5.726360e+03,7.383948e-01,4.139715e+00,9.500000e+06,5.026110e-01,3.250000e+01,4.200000e-12,1.552313e-01,1.552313e-01,6.642270e-03,6.642270e-03,6.751944e-03,6.751944e-03,9.313876e-02,1.755505e-02,3.985362e-03,2.864647e-01
9.500000e+06,3.500000e+01,4.820577e+04,5.848377e+03,7.154038e-01,4.064619e+00,9.500000e+06,5.250784e-01,3.500000e+01,4.200000e-12,1.485891e-01,1.485891e-01,6.071916e-03,6.071916e-03,6.960194e-03,6.960194e-03,8.915348e-02,1.809650e-02,3.643150e-03,2.812682e-01
9.500000e+06,3.750000e+01,4.827507e+04,5.962462e+03,6.959519e-01,4.000334e+00,9.500000e+06,5.458766e-01,3.750000e+01,4.200000e-12,1.429278e-01,1.429278e-01,5.585834e-03,5.585834e-03,7.173221e-03,7.173221e-03,8.575667e-02,1.865037e-02,3.351500e-03,2.768196e-01
9.500000e+06,4.000000e+01,4.835019e+04,6.069322e+03,6.793497e-01,3.944775e+00,9.500000e+06,5.651446e-01,4.000000e+01,4.200000e-12,1.380548e-01,1.380548e-01,5.167493e-03,5.167493e-03,7.390569e-03,7.390569e-03,8.283290e-02,1.921548e-02,3.100496e-03,2.729750e-01
9.500000e+06,4.250000e+01,4.843063e+04,6.169638e+03,6.650687e-01,3.896351e+00,9.500000e+06,5.830165e-01,4.250000e+01,4.200000e-12,1.338229e-01,1.338229e-01,4.804225e-03,4.804225e-03,7.611767e-03,7.611767e-03,8.029372e-02,1.979059e-02,2.882535e-03,2.696241e-01
9.500000e+06,4.500000e+01,4.851589e+04,6.264070e+03,6.526959e-01,3.853823e+00,9.500000e+06,5.996224e-01,4.500000e+01,4.200000e-12,1.301168e-01,1.301168e-01,4.486142e-03,4.486142e-03,7.836319e-03,7.836319e-03,7.807007e-02,2.037443e-02,2.691685e-03,2.666812e-01
9.500000e+06,4.750000e+01,4.860549e+04,6.353272e+03,6.419025e-01,3.816216e+00,9.500000e+06,6.150892e-01,4.750000e+01,4.200000e-12,1.268449e-01,1.268449e-01,4.205367e-03,4.205367e-03,8.063674e-03,8.063674e-03,7.610696e-02,2.096555e-02,2.523220e-03,2.640788e-01
9.500000e+06,5.000000e+01,4.869893e+04,6.437932e+03,6.324201e-01,3.782757e+00,9.500000e+06,6.295453e-01,5.000000e+01,4.200000e-12,1.239322e-01,1.239322e-01,3.955452e-03,3.955452e-03,8.293168e-03,8.293168e-03,7.435933e-02,2.156224e-02,2.373271e-03,2.617635e-01
9.500000e+06,5.250000e+01,4.879569e+04,6.518855e+03,6.240206e-01,3.752843e+00,9.500000e+06,6.431310e-01,5.250000e+01,4.200000e-12,1.213142e-01,1.213142e-01,3.730859e-03,3.730859e-03,8.523879e-03,8.523879e-03,7.278854e-02,2.216209e-02,2.238516e-03,2.596935e-01
9.500000e+06,5.500000e+01,4.889508e+04,6.597223e+03,6.164936e-01,3.726041e+00,9.500000e+06,6.560265e-01,5.500000e+01,4.200000e-12,1.189296e-01,1.189296e-01,3.526319e-03,3.526319e-03,8.754246e-03,8.754246e-03,7.135774e-02,2.276104e-02,2.115791e-03,2.578388e-01
9.500000e+06,5.750000e+01,4.899593e+04,6.675477e+03,6.096042e-01,3.702252e+00,9.500000e+06,6.685427e-01,5.750000e+01,4.200000e-12,1.167030e-01,1.167030e-01,3.335376e-03,3.335376e-03,8.980822e-03,8.980822e-03,7.002180e-02,2.335014e-02,2.001225e-03,2.561927e-01
9.500000e+06,6.000000e+01,4.909465e+04,6.762977e+03,6.029351e-01,3.683239e+00,9.500000e+06,6.816236e-01,6.000000e+01,4.200000e-12,1.144634e-01,1.144634e-01,3.143355e-03,3.143355e-03,9.191450e-03,9.191450e-03,6.867802e-02,2.389777e-02,1.886013e-03,2.548770e-01
9.500000e+06,6.250000e+01,4.911249e+04,7.120650e+03,5.916004e-01,3.749255e+00,9.500000e+06,7.160762e-01,6.250000e+01,4.200000e-12,1.089562e-01,1.089562e-01,2.671442e-03,2.671442e-03,9.113772e-03,9.113772e-03,6.537372e-02,2.369581e-02,1.602865e-03,2.594452e-01
9.500000e+06,6.500000e+01,4.919859e+04,7.118252e+03,5.786224e-01,3.651355e+00,9.500000e+06,7.325152e-01,6.500000e+01,4.200000e-12,1.065110e-01,1.065110e-01,2.462028e-03,2.462028e-03,9.265613e-03,9.265613e-03,6.390661e-02,2.409059e-02,1.477217e-03,2.526706e-01
9.500000e+06,6.750000e+01,4.930477e+04,7.120763e+03,5.705797e-01,3.586073e+00,9.500000e+06,7.436506e-01,6.750000e+01,4.200000e-12,1.049161e-01,1.049161e-01,2.325490e-03,2.325490e-03,9.477903e-03,9.477903e-03,6.294968e-02,2.464255e-02,1.395294e-03,2.481531e-01
9.500000e+06,7.000000e+01,4.942919e+04,7.129648e+03,5.667794e-01,3.549330e+00,9.500000e+06,7.499617e-01,7.000000e+01,4.200000e-12,1.040332e-01,1.040332e-01,2.249923e-03,2.249923e-03,9.746223e-03,9.746223e-03,6.241994e-02,2.534018e-02,1.349954e-03,2.456106e-01
9.500000e+06,7.250000e+01,4.956539e+04,7.143374e+03,5.656508e-01,3.530752e+00,9.500000e+06,7.531602e-01,7.250000e+01,4.200000e-12,1.035914e-01,1.035914e-01,2.212111e-03,2.212111e-03,1.005143e-02,1.005143e-02,6.215485e-02,2.613373e-02,1.327266e-03,2.443250e-01
9.500000e+06,7.500000e+01,4.970765e+04,7.159799e+03,5.658858e-01,3.521493e+00,9.500000e+06,7.547545e-01,7.500000e+01,4.200000e-12,1.033726e-01,1.033726e-01,2.193379e-03,2.193379e-03,1.037607e-02,1.037607e-02,6.202357e-02,2.697779e-02,1.316028e-03,2.436843e-01
9.500000e+06,7.750000e+01,4.985280e+04,7.177568e+03,5.667712e-01,3.516689e+00,9.500000e+06,7.555810e-01,7.750000e+01,4.200000e-12,1.032595e-01,1.032595e-01,2.183694e-03,2.183694e-03,1.071021e-02,1.071021e-02,6.195572e-02,2.784655e-02,1.310216e-03,2.433518e-01
9.500000e+06,8.000000e+01,4.999937e+04,7.196007e+03,5.679724e-01,3.514049e+00,9.500000e+06,7.560347e-01,8.000000e+01,4.200000e-12,1.031976e-01,1.031976e-01,2.178382e-03,2.178382e-03,1.104907e-02,1.104907e-02,6.191854e-02,2.872758e-02,1.307029e-03,2.431692e-01
9.500000e+06,8.250000e+01,5.014665e+04,7.214793e+03,5.693347e-01,3.512515e+00,9.500000e+06,7.562982e-01,8.250000e+01,4.200000e-12,1.031616e-01,1.031616e-01,2.175295e-03,2.175295e-03,1.139038e-02,1.139038e-02,6.189697e-02,2.961499e-02,1.305177e-03,2.430630e-01
9.500000e+06,8.500000e+01,nan,nan,nan,nan,nan,nan,nan,nan,nan,nan,nan,nan,nan,nan,nan,nan,nan,nan
9.666667e+06,2.500000e+01,4.875204e+04,5.434876e+03,8.402105e-01,4.503465e+00,9.666667e+06,4.320435e-01,2.500000e+01,4.200000e-12,1.837882e-01,1.837882e-01,8.819842e-03,8.819842e-03,6.042128e-03,6.042128e-03,1.102729e-01,1.570953e-02,5.291905e-03,3.116359e-01
9.666667e+06,2.750000e+01,4.879156e+04,5.588728e+03,8.000741e-01,4.375933e+00,9.666667e+06,4.606618e-01,2.750000e+01,4.200000e-12,1.723704e-01,1.723704e-01,7.856259e-03,7.856259e-03,6.233441e-03,6.233441e-03,1.034223e-01,1.620695e-02,4.713755e-03,3.028108e-01
9.666667e+06,3.000000e+01,4.883932e+04,5.731923e+03,7.673178e-01,4.270864e+00,9.666667e+06,4.871170e-01,3.000000e+01,4.200000e-12,1.630091e-01,1.630091e-01,7.066288e-03,7.066288e-03,6.430806e-03,6.430806e-03,9.780545e-02,1.672010e-02,4.239773e-03,2.955401e-01
9.666667e+06,3.250000e+01,4.889475e+04,5.865266e+03,7.402150e-01,4.183029e+00,9.666667e+06,5.115588e-01,3.250000e+01,4.200000e-12,1.552206e-01,1.552206e-01,6.409112e-03,6.409112e-03,6.633843e-03,6.633843e-03,9.313238e-02,1.724799e-02,3.845467e-03,2.894620e-01
9.666667e+06,3.500000e+01,4.895726e+04,5.989558e+03,7.175277e-01,4.108678e+00,9.666667e+06,5.341394e-01,3.500000e+01,4.200000e-12,1.486587e-01,1.486587e-01,5.855489e-03,5.855489e-03,6.842122e-03,6.842122e-03,8.919523e-02,1.778952e-02,3.513293e-03,2.843170e-01
9.666667e+06,3.750000e+01,4.902629e+04,6.105585e+03,6.983453e-01,4.045057e+00,9.666667e+06,5.550092e-01,3.750000e+01,4.200000e-12,1.430688e-01,1.430688e-01,5.383924e-03,5.383924e-03,7.055186e-03,7.055186e-03,8.584126e-02,1.834348e-02,3.230354e-03,2.799144e-01
9.666667e+06,4.000000e+01,4.910128e+04,6.214105e+03,6.819830e-01,3.990094e+00,9.666667e+06,5.743148e-01,4.000000e+01,4.200000e-12,1.382595e-01,1.382595e-01,4.978268e-03,4.978268e-03,7.272561e-03,7.272561e-03,8.295570e-02,1.890866e-02,2.986961e-03,2.761111e-01
9.666667e+06,4.250000e+01,4.918169e+04,6.315850e+03,6.679158e-01,3.942206e+00,9.666667e+06,5.921980e-01,4.250000e+01,4.200000e-12,1.340843e-01,1.340843e-01,4.626146e-03,4.626146e-03,7.493753e-03,7.493753e-03,8.045061e-02,1.948376e-02,2.775688e-03,2.727972e-01
9.666667e+06,4.500000e+01,4.926699e+04,6.411529e+03,6.557330e-01,3.900161e+00,9.666667e+06,6.087958e-01,4.500000e+01,4.200000e-12,1.304288e-01,1.304288e-01,4.317890e-03,4.317890e-03,7.718240e-03,7.718240e-03,7.825726e-02,2.006742e-02,2.590734e-03,2.698878e-01
9.666667e+06,4.750000e+01,4.935667e+04,6.501852e+03,6.451073e-01,3.862993e+00,9.666667e+06,6.242426e-01,4.750000e+01,4.200000e-12,1.272013e-01,1.272013e-01,4.045778e-03,4.045778e-03,7.945434e-03,7.945434e-03,7.632079e-02,2.065813e-02,2.427467e-03,2.673158e-01
9.666667e+06,5.000000e+01,4.945020e+04,6.587584e+03,6.357697e-01,3.829940e+00,9.666667e+06,6.386768e-01,5.000000e+01,4.200000e-12,1.243266e-01,1.243266e-01,3.803441e-03,3.803441e-03,8.174596e-03,8.174596e-03,7.459594e-02,2.125395e-02,2.282065e-03,2.650285e-01
9.666667e+06,5.250000e+01,4.954700e+04,6.669675e+03,6.274881e-01,3.800413e+00,9.666667e+06,6.522554e-01,5.250000e+01,4.200000e-12,1.217383e-01,1.217383e-01,3.585297e-03,3.585297e-03,8.404639e-03,8.404639e-03,7.304300e-02,2.185206e-02,2.151178e-03,2.629853e-01
9.666667e+06,5.500000e+01,4.964622e+04,6.749678e+03,6.200383e-01,3.774040e+00,9.666667e+06,6.651986e-01,5.500000e+01,4.200000e-12,1.193696e-01,1.193696e-01,3.385688e-03,3.385688e-03,8.633537e-03,8.633537e-03,7.162175e-02,2.244720e-02,2.031413e-03,2.611603e-01
9.666667e+06,5.750000e+01,4.974614e+04,6.831515e+03,6.131356e-01,3.751037e+00,9.666667e+06,6.779607e-01,5.750000e+01,4.200000e-12,1.171226e-01,1.171226e-01,3.196376e-03,3.196376e-03,8.856064e-03,8.856064e-03,7.027353e-02,2.302577e-02,1.917826e-03,2.595685e-01
9.666667e+06,6.000000e+01,4.983736e+04,6.944764e+03,6.060241e-01,3.739745e+00,9.666667e+06,6.930259e-01,6.000000e+01,4.200000e-12,1.145765e-01,1.145765e-01,2.981930e-03,2.981930e-03,9.040224e-03,9.040224e-03,6.874590e-02,2.350458e-02,1.789158e-03,2.587871e-01
9.666667e+06,6.250000e+01,4.985262e+04,7.242224e+03,5.912282e-01,3.756395e+00,9.666667e+06,7.281747e-01,6.250000e+01,4.200000e-12,1.090459e-01,1.090459e-01,2.516397e-03,2.516397e-03,8.962349e-03,8.962349e-03,6.542755e-02,2.330211e-02,1.509838e-03,2.599393e-01
9.666667e+06,6.500000e+01,4.994770e+04,7.240895e+03,5.804075e-01,3.672150e+00,9.666667e+06,7.422464e-01,6.500000e+01,4.200000e-12,1.069786e-01,1.069786e-01,2.342486e-03,2.342486e-03,9.144136e-03,9.144136e-03,6.418716e-02,2.377475e-02,1.405491e-03,2.541096e-01
9.666667e+06,6.750000e+01,5.006368e+04,7.246148e+03,5.745916e-01,3.621507e+00,9.666667e+06,7.507918e-01,6.750000e+01,4.200000e-12,1.057610e-01,1.057610e-01,2.240090e-03,2.240090e-03,9.387754e-03,9.387754e-03,6.345660e-02,2.440816e-02,1.344054e-03,2.506051e-01
9.666667e+06,7.000000e+01,5.019522e+04,7.257624e+03,5.723678e-01,3.595336e+00,9.666667e+06,7.552240e-01,7.000000e+01,4.200000e-12,1.051403e-01,1.051403e-01,2.187901e-03,2.187901e-03,9.678314e-03,9.678314e-03,6.308419e-02,2.516362e-02,1.312740e-03,2.487942e-01
9.666667e+06,7.250000e+01,5.033530e+04,7.272929e+03,5.720911e-01,3.582536e+00,9.666667e+06,7.573933e-01,7.250000e+01,4.200000e-12,1.048392e-01,1.048392e-01,2.162577e-03,2.162577e-03,9.995257e-03,9.995257e-03,6.290350e-02,2.598767e-02,1.297546e-03,2.479084e-01
9.666667e+06,7.500000e+01,5.047948e+04,7.290170e+03,5.727412e-01,3.576120e+00,9.666667e+06,7.584798e-01,7.500000e+01,4.200000e-12,1.046890e-01,1.046890e-01,2.149943e-03,2.149943e-03,1.032511e-02,1.032511e-02,6.281339e-02,2.684528e-02,1.289966e-03,2.474644e-01
9.666667e+06,7.750000e+01,5.062558e+04,7.308352e+03,5.738282e-01,3.572720e+00,9.666667e+06,7.590551e-01,7.750000e+01,4.200000e-12,1.046096e-01,1.046096e-01,2.143263e-03,2.143263e-03,1.066119e-02,1.066119e-02,6.276579e-02,2.771910e-02,1.285958e-03,2.472291e-01
9.666667e+06,8.000000e+01,5.077264e+04,7.327007e+03,5.751304e-01,3.570805e+00,9.666667e+06,7.593788e-01,8.000000e+01,4.200000e-12,1.045651e-01,1.045651e-01,2.139504e-03,2.139504e-03,1.100041e-02,1.100041e-02,6.273903e-02,2.860107e-02,1.283703e-03,2.470966e-01
9.666667e+06,8.250000e+01,nan,nan,nan,nan,nan,nan,nan,nan,nan,nan,nan,nan,nan,nan,nan,nan,nan,nan
9.666667e+06,8.500000e+01,nan,nan,nan,nan,nan,nan,nan,nan,nan,nan,nan,nan,nan,nan,nan,nan,nan,nan
9.833333e+06,2.500000e+01,4.950692e+04,5.565251e+03,8.410931e-01,4.544458e+00,9.833333e+06,4.402077e-01,2.500000e+01,4.200000e-12,1.835225e-01,1.835225e-01,8.532172e-03,8.532172e-03,5.930069e-03,5.930069e-03,1.101135e-01,1.541818e-02,5.119303e-03,3.144726e-01
9.833333e+06,2.750000e+01,4.954540e+04,5.722690e+03,8.013940e-01,4.417985e+00,9.833333e+06,4.691007e-01,2.750000e+01,4.200000e-12,1.722190e-01,1.722190e-01,7.594584e-03,7.594584e-03,6.121305e-03,6.121305e-03,1.033314e-01,1.591539e-02,4.556750e-03,3.057207e-01
9.833333e+06,3.000000e+01,4.959238e+04,5.868951e+03,7.690176e-01,4.313838e+00,9.833333e+06,4.957618e-01,3.000000e+01,4.200000e-12,1.629574e-01,1.629574e-01,6.826439e-03,6.826439e-03,6.318669e-03,6.318669e-03,9.777441e-02,1.642854e-02,4.095863e-03,2.985139e-01
9.833333e+06,3.250000e+01,4.964725e+04,6.004904e+03,7.422480e-01,4.226815e+00,9.833333e+06,5.203511e-01,3.250000e+01,4.200000e-12,1.552568e-01,1.552568e-01,6.187830e-03,6.187830e-03,6.521753e-03,6.521753e-03,9.315407e-02,1.695656e-02,3.712698e-03,2.924919e-01
9.833333e+06,3.500000e+01,4.970940e+04,6.131414e+03,7.198548e-01,4.153185e+00,9.833333e+06,5.430298e-01,3.500000e+01,4.200000e-12,1.487727e-01,1.487727e-01,5.650169e-03,5.650169e-03,6.730104e-03,6.730104e-03,8.926364e-02,1.749827e-02,3.390101e-03,2.873968e-01
9.833333e+06,3.750000e+01,4.977822e+04,6.249324e+03,7.009332e-01,4.090205e+00,9.833333e+06,5.639574e-01,3.750000e+01,4.200000e-12,1.432520e-01,1.432520e-01,5.192445e-03,5.192445e-03,6.943244e-03,6.943244e-03,8.595121e-02,1.805243e-02,3.115467e-03,2.830387e-01
9.833333e+06,4.000000e+01,4.985312e+04,6.359450e+03,6.848028e-01,4.035818e+00,9.833333e+06,5.832885e-01,4.000000e+01,4.200000e-12,1.385044e-01,1.385044e-01,4.798873e-03,4.798873e-03,7.160676e-03,7.160676e-03,8.310265e-02,1.861776e-02,2.879324e-03,2.792751e-01
9.833333e+06,4.250000e+01,4.993353e+04,6.462573e+03,6.709416e-01,3.988447e+00,9.833333e+06,6.011724e-01,4.250000e+01,4.200000e-12,1.343841e-01,1.343841e-01,4.457357e-03,4.457357e-03,7.381886e-03,7.381886e-03,8.063048e-02,1.919290e-02,2.674414e-03,2.759971e-01
9.833333e+06,4.500000e+01,5.001891e+04,6.559458e+03,6.589416e-01,3.946869e+00,9.833333e+06,6.177533e-01,4.500000e+01,4.200000e-12,1.307772e-01,1.307772e-01,4.158434e-03,4.158434e-03,7.606325e-03,7.606325e-03,7.846630e-02,1.977644e-02,2.495060e-03,2.731199e-01
9.833333e+06,4.750000e+01,5.010870e+04,6.650877e+03,6.484761e-01,3.910126e+00,9.833333e+06,6.331741e-01,4.750000e+01,4.200000e-12,1.275921e-01,1.275921e-01,3.894521e-03,3.894521e-03,7.833357e-03,7.833357e-03,7.655528e-02,2.036673e-02,2.336713e-03,2.705774e-01
9.833333e+06,5.000000e+01,5.020233e+04,6.737688e+03,6.392750e-01,3.877466e+00,9.833333e+06,6.475844e-01,5.000000e+01,4.200000e-12,1.247529e-01,1.247529e-01,3.659304e-03,3.659304e-03,8.062153e-03,8.062153e-03,7.485174e-02,2.096160e-02,2.195583e-03,2.683173e-01
9.833333e+06,5.250000e+01,5.029914e+04,6.821041e+03,6.310996e-01,3.848328e+00,9.833333e+06,6.611637e-01,5.250000e+01,4.200000e-12,1.221907e-01,1.221907e-01,3.447076e-03,3.447076e-03,8.291398e-03,8.291398e-03,7.331440e-02,2.155763e-02,2.068246e-03,2.663010e-01
9.833333e+06,5.500000e+01,5.039804e+04,6.903087e+03,6.237040e-01,3.822443e+00,9.833333e+06,6.741933e-01,5.500000e+01,4.200000e-12,1.198292e-01,1.198292e-01,3.251515e-03,3.251515e-03,8.518353e-03,8.518353e-03,7.189750e-02,2.214772e-02,1.950909e-03,2.645098e-01
9.833333e+06,5.750000e+01,5.049623e+04,6.990953e+03,6.167110e-01,3.800802e+00,9.833333e+06,6.874152e-01,5.750000e+01,4.200000e-12,1.175244e-01,1.175244e-01,3.060692e-03,3.060692e-03,8.734260e-03,8.734260e-03,7.051462e-02,2.270908e-02,1.836415e-03,2.630122e-01
9.833333e+06,6.000000e+01,5.051488e+04,7.368783e+03,6.059688e-01,3.875968e+00,9.833333e+06,7.216627e-01,6.000000e+01,4.200000e-12,1.119471e-01,1.119471e-01,2.599203e-03,2.599203e-03,8.681492e-03,8.681492e-03,6.716824e-02,2.257188e-02,1.559522e-03,2.682137e-01
9.833333e+06,6.250000e+01,5.059785e+04,7.363930e+03,5.919716e-01,3.770122e+00,9.833333e+06,7.389314e-01,6.250000e+01,4.200000e-12,1.093309e-01,1.093309e-01,2.382859e-03,2.382859e-03,8.831884e-03,8.831884e-03,6.559854e-02,2.296290e-02,1.429715e-03,2.608892e-01
9.833333e+06,6.500000e+01,5.070290e+04,7.364787e+03,5.834805e-01,3.701039e+00,9.833333e+06,7.503703e-01,6.500000e+01,4.200000e-12,1.076642e-01,1.076642e-01,2.245093e-03,2.245093e-03,9.045137e-03,9.045137e-03,6.459853e-02,2.351736e-02,1.347056e-03,2.561087e-01
9.833333e+06,6.750000e+01,5.082756e+04,7.373012e+03,5.796218e-01,3.663500e+00,9.833333e+06,7.566226e-01,6.750000e+01,4.200000e-12,1.067745e-01,1.067745e-01,2.171572e-03,2.171572e-03,9.315408e-03,9.315408e-03,6.406472e-02,2.422006e-02,1.302943e-03,2.535111e-01
9.833333e+06,7.000000e+01,5.096430e+04,7.386594e+03,5.785541e-01,3.645185e+00,9.833333e+06,7.596777e-01,7.000000e+01,4.200000e-12,1.063451e-01,1.063451e-01,2.136088e-03,2.136088e-03,9.621573e-03,9.621573e-03,6.380708e-02,2.501609e-02,1.281653e-03,2.522436e-01
9.833333e+06,7.250000e+01,5.110698e+04,7.403025e+03,5.788475e-01,3.636296e+00,9.833333e+06,7.611599e-01,7.250000e+01,4.200000e-12,1.061381e-01,1.061381e-01,2.118972e-03,2.118972e-03,9.945795e-03,9.945795e-03,6.368283e-02,2.585907e-02,1.271383e-03,2.516285e-01
9.833333e+06,7.500000e+01,5.125241e+04,7.420825e+03,5.797685e-01,3.631764e+00,9.833333e+06,7.619149e-01,7.500000e+01,4.200000e-12,1.060329e-01,1.060329e-01,2.110273e-03,2.110273e-03,1.027856e-02,1.027856e-02,6.361973e-02,2.672425e-02,1.266164e-03,2.513149e-01
9.833333e+06,7.750000e+01,5.139914e+04,7.439291e+03,5.809876e-01,3.629303e+00,9.833333e+06,7.623245e-01,7.750000e+01,4.200000e-12,1.059759e-01,1.059759e-01,2.105556e-03,2.105556e-03,1.061547e-02,1.061547e-02,6.358555e-02,2.760022e-02,1.263334e-03,2.511446e-01
9.833333e+06,8.000000e+01,5.154627e+04,7.458449e+03,5.823201e-01,3.627801e+00,9.833333e+06,7.626281e-01,8.000000e+01,4.200000e-12,1.059337e-01,1.059337e-01,2.102060e-03,2.102060e-03,1.095354e-02,1.095354e-02,6.356023e-02,2.847921e-02,1.261236e-03,2.510407e-01
9.833333e+06,8.250000e+01,nan,nan,nan,nan,nan,nan,nan,nan,nan,nan,nan,nan,nan,nan,nan,nan,nan,nan
9.833333e+06,8.500000e+01,nan,nan,nan,nan,nan,nan,nan,nan,nan,nan,nan,nan,nan,nan,nan,nan,nan,nan
1.000000e+07,2.500000e+01,5.026219e+04,5.696478e+03,8.422109e-01,4.585987e+00,1.000000e+07,4.482670e-01,2.500000e+01,4.200000e-12,1.833095e-01,1.833095e-01,8.258485e-03,8.258485e-03,5.823455e-03,5.823455e-03,1.099857e-01,1.514098e-02,4.955091e-03,3.173463e-01
1.000000e+07,2.750000e+01,5.029970e+04,5.857461e+03,8.029355e-01,4.460537e+00,1.000000e+07,4.774174e-01,2.750000e+01,4.200000e-12,1.721168e-01,1.721168e-01,7.345752e-03,7.345752e-03,6.014670e-03,6.014670e-03,1.032701e-01,1.563814e-02,4.407451e-03,3.086653e-01
1.000000e+07,3.000000e+01,5.034597e+04,6.006735e+03,7.709275e-01,4.357283e+00,1.000000e+07,5.042681e-01,3.000000e+01,4.200000e-12,1.629522e-01,1.629522e-01,6.598470e-03,6.598470e-03,6.212083e-03,6.212083e-03,9.777130e-02,1.615141e-02,3.959082e-03,3.015202e-01
1.000000e+07,3.250000e+01,5.040035e+04,6.145240e+03,7.444808e-01,4.271045e+00,1.000000e+07,5.289890e-01,3.250000e+01,4.200000e-12,1.553370e-01,1.553370e-01,5.977602e-03,5.977602e-03,6.415258e-03,6.415258e-03,9.320220e-02,1.667967e-02,3.586561e-03,2.955527e-01
1.000000e+07,3.500000e+01,5.046219e+04,6.273909e+03,7.223726e-01,4.198112e+00,1.000000e+07,5.517516e-01,3.500000e+01,4.200000e-12,1.489286e-01,1.489286e-01,5.455183e-03,5.455183e-03,6.623719e-03,6.623719e-03,8.935714e-02,1.722167e-02,3.273110e-03,2.905057e-01
1.000000e+07,3.750000e+01,5.053085e+04,6.393646e+03,7.037034e-01,4.135754e+00,1.000000e+07,5.727239e-01,3.750000e+01,4.200000e-12,1.434750e-01,1.434750e-01,5.010666e-03,5.010666e-03,6.836965e-03,6.836965e-03,8.608501e-02,1.777611e-02,3.006399e-03,2.861906e-01
1.000000e+07,4.000000e+01,5.060570e+04,6.505322e+03,6.877971e-01,4.081922e+00,1.000000e+07,5.920690e-01,4.000000e+01,4.200000e-12,1.387872e-01,1.387872e-01,4.628615e-03,4.628615e-03,7.054481e-03,7.054481e-03,8.327229e-02,1.834165e-02,2.777169e-03,2.824655e-01
1.000000e+07,4.250000e+01,5.068616e+04,6.609777e+03,6.741349e-01,4.035050e+00,1.000000e+07,6.099438e-01,4.250000e+01,4.200000e-12,1.347199e-01,1.347199e-01,4.297197e-03,4.297197e-03,7.275729e-03,7.275729e-03,8.083195e-02,1.891690e-02,2.578318e-03,2.792220e-01
1.000000e+07,4.500000e+01,5.077163e+04,6.707830e+03,6.623105e-01,3.993924e+00,1.000000e+07,6.265002e-01,4.500000e+01,4.200000e-12,1.311597e-01,1.311597e-01,4.007142e-03,4.007142e-03,7.500129e-03,7.500129e-03,7.869582e-02,1.950034e-02,2.404285e-03,2.763761e-01
1.000000e+07,4.750000e+01,5.086155e+04,6.800325e+03,6.519979e-01,3.957593e+00,1.000000e+07,6.418900e-01,4.750000e+01,4.200000e-12,1.280150e-01,1.280150e-01,3.750989e-03,3.750989e-03,7.726992e-03,7.726992e-03,7.680903e-02,2.009018e-02,2.250593e-03,2.738620e-01
1.000000e+07,5.000000e+01,5.095528e+04,6.888241e+03,6.429243e-01,3.925319e+00,1.000000e+07,6.562768e-01,5.000000e+01,4.200000e-12,1.252087e-01,1.252087e-01,3.522438e-03,3.522438e-03,7.955369e-03,7.955369e-03,7.512522e-02,2.068396e-02,2.113463e-03,2.716287e-01
1.000000e+07,5.250000e+01,5.105204e+04,6.973011e+03,6.348415e-01,3.896581e+00,1.000000e+07,6.698707e-01,5.250000e+01,4.200000e-12,1.226678e-01,1.226678e-01,3.315548e-03,3.315548e-03,8.183625e-03,8.183625e-03,7.360069e-02,2.127743e-02,1.989329e-03,2.696401e-01
1.000000e+07,5.500000e+01,5.115038e+04,7.057822e+03,6.274677e-01,3.871311e+00,1.000000e+07,6.830535e-01,5.500000e+01,4.200000e-12,1.203003e-01,1.203003e-01,3.122823e-03,3.122823e-03,8.407858e-03,8.407858e-03,7.218021e-02,2.186043e-02,1.873694e-03,2.678914e-01
1.000000e+07,5.750000e+01,5.124465e+04,7.159038e+03,6.202232e-01,3.853116e+00,1.000000e+07,6.973130e-01,5.750000e+01,4.200000e-12,1.178403e-01,1.178403e-01,2.922616e-03,2.922616e-03,8.610284e-03,8.610284e-03,7.070418e-02,2.238674e-02,1.753569e-03,2.666323e-01
1.000000e+07,6.000000e+01,5.125666e+04,7.490130e+03,6.057170e-01,3.883065e+00,1.000000e+07,7.333283e-01,6.000000e+01,4.200000e-12,1.120529e-01,1.120529e-01,2.451930e-03,2.451930e-03,8.543390e-03,8.543390e-03,6.723175e-02,2.221281e-02,1.471158e-03,2.687048e-01
1.000000e+07,6.250000e+01,5.134871e+04,7.486367e+03,5.939309e-01,3.791346e+00,1.000000e+07,7.482031e-01,6.250000e+01,4.200000e-12,1.098252e-01,1.098252e-01,2.270872e-03,2.270872e-03,8.722438e-03,8.722438e-03,6.589513e-02,2.267834e-02,1.362523e-03,2.623579e-01
1.000000e+07,6.500000e+01,5.146363e+04,7.490183e+03,5.877143e-01,3.737399e+00,1.000000e+07,7.570345e-01,6.500000e+01,4.200000e-12,1.085440e-01,1.085440e-01,2.166782e-03,2.166782e-03,8.965512e-03,8.965512e-03,6.512642e-02,2.331033e-02,1.300069e-03,2.586248e-01
1.000000e+07,6.750000e+01,5.159518e+04,7.501116e+03,5.854093e-01,3.710419e+00,1.000000e+07,7.614640e-01,6.750000e+01,4.200000e-12,1.079126e-01,1.079126e-01,2.115491e-03,2.115491e-03,9.256181e-03,9.256181e-03,6.474758e-02,2.406607e-02,1.269295e-03,2.567578e-01
1.000000e+07,7.000000e+01,5.173552e+04,7.516273e+03,5.851444e-01,3.697622e+00,1.000000e+07,7.635651e-01,7.000000e+01,4.200000e-12,1.076157e-01,1.076157e-01,2.091366e-03,2.091366e-03,9.572588e-03,9.572588e-03,6.456940e-02,2.488873e-02,1.254820e-03,2.558722e-01
1.000000e+07,7.250000e+01,5.187992e+04,7.533487e+03,5.858151e-01,3.691354e+00,1.000000e+07,7.645934e-01,7.250000e+01,4.200000e-12,1.074709e-01,1.074709e-01,2.079602e-03,2.079602e-03,9.901132e-03,9.901132e-03,6.448257e-02,2.574294e-02,1.247761e-03,2.554385e-01
1.000000e+07,7.500000e+01,5.202617e+04,7.551674e+03,5.869148e-01,3.688084e+00,1.000000e+07,7.651292e-01,7.500000e+01,4.200000e-12,1.073957e-01,1.073957e-01,2.073480e-03,2.073480e-03,1.023538e-02,1.023538e-02,6.443741e-02,2.661198e-02,1.244088e-03,2.552122e-01
1.000000e+07,7.750000e+01,5.217333e+04,7.570340e+03,5.882218e-01,3.686264e+00,1.000000e+07,7.654273e-01,7.750000e+01,4.200000e-12,1.073539e-01,1.073539e-01,2.070073e-03,2.070073e-03,1.057244e-02,1.057244e-02,6.441232e-02,2.748834e-02,1.242044e-03,2.550863e-01
1.000000e+07,8.000000e+01,nan,nan,nan,nan,nan,nan,nan,nan,nan,nan,nan,nan,nan,nan,nan,nan,nan,nan
1.000000e+07,8.250000e+01,nan,nan,nan,nan,nan,nan,nan,nan,nan,nan,nan,nan,nan,nan,nan,nan,nan,nan
1.000000e+07,8.500000e+01,nan,nan,nan,nan,nan,nan,nan,nan,nan,nan,nan,nan,nan,nan,nan,nan,nan,nan
